Date,Home Team,Home Score,Away Team,Away Score
2010-08-27,Princeton with Mercer,54,Albany,6
2010-08-27,Drexel with Miami (Amoret),24,Appleton City with Montrose,6
2010-08-27,Liberal with Bronaugh,8,Ash Grove,42
2010-08-27,Warsaw,0,Aurora,34
2010-08-27,Strafford,28,Ava,35
2010-08-27,Park Hill South,21,Belton,7
2010-08-27,Northeast (Kansas City),0,Benton,59
2010-08-27,Lutheran South,27,Bishop DuBourg,20
2010-08-27,Neosho,19,Bolivar,26
2010-08-27,Montgomery County,6,Bowling Green,37
2010-08-27,Carthage,60,Branson,28
2010-08-27,Santa Fe,20,Braymer,6
2010-08-27,Crystal City,33,Brentwood,39
2010-08-27,Mark Twain,0,Brookfield,20
2010-08-27,Houston,13,Cabool,34
2010-08-27,Moberly,28,California,14
2010-08-27,Blair Oaks,22,Carrollton,18
2010-08-27,University Academy Charter,7,Center,35
2010-08-27,Central (New Madrid County),6,Central (Cape Girardeau),41
2010-08-27,St. Vincent,6,Central (Park Hills),41
2010-08-27,North Kansas City,8,Central (St. Joseph),27
2010-08-27,Riverview Gardens,20,Chaminade College Preparatory,49
2010-08-27,Kennett,42,Charleston,12
2010-08-27,Ft. Zumwalt West,36,Christian Brothers College,34
2010-08-27,Putnam County,18,Clark County,57
2010-08-27,Lutheran North,14,Clayton,30
2010-08-27,Central (Kansas City),6,Clinton,44
2010-08-27,Winfield,6,Clopton with Elsberry,47
2010-08-27,Skyline,26,Cole Camp,27
2010-08-27,Lafayette County,6,Concordia,40
2010-08-27,St. James,12,Cuba,24
2010-08-27,Pacific,6,DeSoto with Kingston,26
2010-08-27,Ft. Zumwalt North,28,Duchesne,7
2010-08-27,Lafayette (St. Joseph),65,East (Kansas City),0
2010-08-27,Springfield Catholic,42,East Newton,20
2010-08-27,Adrian,41,El Dorado Springs,6
2010-08-27,North Callaway,20,Eldon,13
2010-08-27,Lafayette (Wildwood),0,Eureka,28
2010-08-27,Buffalo,0,Fair Grove,66
2010-08-27,Festus,20,Farmington,31
2010-08-27,Lee's Summit North,10,Fort Osage,19
2010-08-27,Holt,16,Francis Howell,58
2010-08-27,Timberland,42,Francis Howell North,21
2010-08-27,North County,12,Fredericktown,21
2010-08-27,Osage,47,Fulton,0
2010-08-27,North Platte,32,Gallatin,7
2010-08-27,O'Hara,26,Grandview,28
2010-08-27,Chaffee,0,Grandview (Hillsboro),13
2010-08-27,Miller,49,Greenfield,7
2010-08-27,Missouri Military Academy,0,Hallsville,51
2010-08-27,Helias Catholic,24,Harrisonville,17
2010-08-27,East Prairie,12,Hayti,14
2010-08-27,Perryville,14,Herculaneum,49
2010-08-27,Sullivan,27,Hermann,24
2010-08-27,Rock Bridge,24,Hickman,20
2010-08-27,Seneca,15,Hillcrest,20
2010-08-27,Mexico,19,Hillsboro,21
2010-08-27,Odessa,19,Holden,42
2010-08-27,McCluer North,10,Jefferson City,41
2010-08-27,Glendale,14,Joplin,17
2010-08-27,Macon,48,Kirksville,0
2010-08-27,Versailles,39,Knob Noster,6
2010-08-27,Highland,28,Knox County,16
2010-08-27,Carl Junction,7,Lamar,38
2010-08-27,Wellington-Napoleon,42,Lathrop,0
2010-08-27,Maryville,7,Lawson,17
2010-08-27,Raymore-Peculiar,13,Lee's Summit West,21
2010-08-27,Oak Grove,21,Lexington,14
2010-08-27,Oak Park,55,Liberty North,0
2010-08-27,Central (Springfield),45,Lift for Life Academy Charter,14
2010-08-27,Oakville,7,Lindbergh,39
2010-08-27,Diamond,14,Lockwood with Golden City,49
2010-08-27,Mt. Vernon,21,Logan-Rogersville,39
2010-08-27,Centralia,41,Louisiana,7
2010-08-27,St. Mary's South Side,24,Lutheran St. Charles,23
2010-08-27,Schuyler County,18,Marceline,32
2010-08-27,Osceola,21,Marionville,14
2010-08-27,Sumner,6,Marquette,39
2010-08-27,Chillicothe,15,Marshall,7
2010-08-27,Hollister,12,Marshfield,51
2010-08-27,Midway,8,Maysville,14
2010-08-27,Pleasant Hope,41,McAuley Catholic,12
2010-08-27,Webster Groves,51,McCluer,14
2010-08-27,Monett,10,McDonald County,0
2010-08-27,Northwest (Cedar Hill),14,Mehlville,42
2010-08-27,Sacred Heart,15,Milan,46
2010-08-27,Paris,6,Monroe City,46
2010-08-27,Cassville,40,Mountain Grove,7
2010-08-27,Camdenton,14,Nixa,21
2010-08-27,Van-Far with Community,0,Orchard Farm,49
2010-08-27,Mid-Buchanan,27,Orrick,46
2010-08-27,Webb City,31,Ozark,7
2010-08-27,Wright City,26,Palmyra,6
2010-08-27,Liberty,35,Park Hill,14
2010-08-27,Ladue Horton Watkins,41,Parkway Central,36
2010-08-27,Fox,30,Parkway South,40
2010-08-27,University City,50,Parkway West,22
2010-08-27,John Burroughs,34,Pembroke Hill,14
2010-08-27,King City with Pattonsburg,16,Penney,61
2010-08-27,Grain Valley,13,Platte County,14
2010-08-27,Boonville,19,Pleasant Hill,14
2010-08-27,Vashon,54,Poplar Bluff,12
2010-08-27,Caruthersville,36,Portageville,0
2010-08-27,Owensville,42,Potosi,13
2010-08-27,Windsor (Imperial),0,Priory,25
2010-08-27,Blue Springs South,49,Raytown South,7
2010-08-27,Van Horn,12,Renaissance Academy Charter,27
2010-08-27,Crest Ridge,42,Rich Hill with Hume,16
2010-08-27,Excelsior Springs,21,Richmond,32
2010-08-27,Vianney,15,Ritenour,34
2010-08-27,Blue Springs,6,Rockhurst,7
2010-08-27,Kirkwood,34,Rockwood Summit,14
2010-08-27,Parkview,35,Rolla,42
2010-08-27,Truman,6,Ruskin,38
2010-08-27,Thayer,20,Salem,14
2010-08-27,Scotland County,0,Salisbury,31
2010-08-27,Pierce City,48,Sarcoxie,7
2010-08-27,Bishop LeBlond,7,Savannah,49
2010-08-27,Malden,47,Scott City,41
2010-08-27,Sweet Springs with Malta Bend,0,Sherwood,46
2010-08-27,Parkway North,28,SLUH,42
2010-08-27,St. Pius X (Kansas City),14,Smith-Cotton,16
2010-08-27,Cameron,7,Smithville,28
2010-08-27,Fayette,6,South Callaway,53
2010-08-27,Plattsburg,19,South Harrison,33
2010-08-27,Trenton,6,South Shelby,27
2010-08-27,Tipton,40,Southern Boone,16
2010-08-27,Warrenton,41,St. Charles,0
2010-08-27,Ft. Zumwalt South,0,St. Charles West,16
2010-08-27,St. Francis Borgia,14,St. Clair,12
2010-08-27,Cardinal Ritter,6,St. Dominic,13
2010-08-27,Lone Jack,0,St. Paul Lutheran (Concordia),10
2010-08-27,Raytown,13,Staley,44
2010-08-27,Dexter,25,Ste. Genevieve,42
2010-08-27,Butler,13,Stockton,27
2010-08-27,Francis Howell Central,7,Troy Buchanan,0
2010-08-27,Affton,8,Union,43
2010-08-27,Nevada,9,Warrensburg,26
2010-08-27,Ft. Zumwalt East,40,Washington,14
2010-08-27,Kickapoo,22,Waynesville,21
2010-08-27,Lebanon,49,West Plains,6
2010-08-27,Lincoln College Prep,27,West Platte,42
2010-08-27,North Shelby,12,Westran,55
2010-08-27,Republic,31,Willard,8
2010-08-27,Lee's Summit,57,William Chrisman,23
2010-08-27,Reeds Spring,12,Willow Springs,22
2010-08-27,Archie,35,Windsor,0
2010-08-27,Kearney,45,Winnetonka,0
2010-08-28,De Smet Jesuit,19,Hazelwood Central,20
2010-08-28,Pattonville,24,Hazelwood East,6
2010-08-28,Hogan Prep Academy Charter,22,Liberty (Mountain View),15
2010-08-28,Carnahan,0,McCluer South-Berkeley,45
2010-08-28,Maplewood-Richmond Hts.,26,MICDS,16
2010-08-28,Valle Catholic,56,Principia,0
2010-08-28,Polo,50,St. Mary's (Independence),6
2010-08-28,Jennings,6,Transportation and Law with Beaumont,41
2010-08-28,Jackson,50,Veritas Christian Academy,36
2010-09-02,Central (Kansas City),16,Liberty North,46
2010-09-02,Butler,28,St. Mary's (Independence),13
2010-09-03,Priory,28,Affton,15
2010-09-03,Adrian,21,Archie,13
2010-09-03,Stockton,46,Ash Grove,0
2010-09-03,Lamar,9,Aurora,12
2010-09-03,Bishop LeBlond,6,Benton,39
2010-09-03,Cardinal Ritter,40,Bishop DuBourg,0
2010-09-03,Staley,26,Blue Springs,14
2010-09-03,Fulton,0,Boonville,42
2010-09-03,Miller Career Academy,20,Bowling Green,14
2010-09-03,Cassville,14,Branson,7
2010-09-03,Maplewood-Richmond Hts.,39,Brentwood,7
2010-09-03,Mountain Grove,14,Cabool,0
2010-09-03,Richmond,33,Cameron,6
2010-09-03,Ozark,0,Carthage,39
2010-09-03,Poplar Bluff,34,Central (New Madrid County),12
2010-09-03,Palmyra,0,Centralia,27
2010-09-03,Portageville,42,Chaffee,6
2010-09-03,Lift for Life Academy Charter,24,Crystal City,52
2010-09-03,Hazelwood East,24,De Smet Jesuit,44
2010-09-03,Perryville,0,DeSoto with Kingston,27
2010-09-03,Park Hill,0,Dexter,14
2010-09-03,Central (Park Hills),0,Dexter,14
2010-09-03,Miller,48,Diamond,0
2010-09-03,Sherwood,26,Drexel with Miami (Amoret),6
2010-09-03,King City with Pattonsburg,8,East Buchanan,41
2010-09-03,Lafayette County,41,El Dorado Springs,13
2010-09-03,Westran,43,Eldon,0
2010-09-03,Mehlville,14,Eureka,41
2010-09-03,Savannah,35,Excelsior Springs,6
2010-09-03,Skyline,26,Fair Grove,20
2010-09-03,Tipton,42,Fayette,6
2010-09-03,Central (Cape Girardeau),28,Festus,16
2010-09-03,Ritenour,40,Fox,7
2010-09-03,Christian Brothers College,32,Francis Howell Central,7
2010-09-03,Hillsboro,14,Fredericktown,27
2010-09-03,St. Charles West,20,Ft. Zumwalt East,53
2010-09-03,St. Charles,0,Ft. Zumwalt North,35
2010-09-03,Washington,16,Ft. Zumwalt South,0
2010-09-03,Francis Howell North,14,Ft. Zumwalt West,54
2010-09-03,Waynesville,35,Glendale,7
2010-09-03,Blair Oaks,8,Grain Valley,48
2010-09-03,South Callaway,27,Hallsville,7
2010-09-03,Farmington,13,Hannibal,40
2010-09-03,Malden,12,Hayti,20
2010-09-03,Francis Howell,29,Helias Catholic,19
2010-09-03,Holt,0,Hickman,16
2010-09-03,Louisiana,28,Highland,12
2010-09-03,Lebanon,17,Hillcrest,6
2010-09-03,Buffalo,6,Hollister,44
2010-09-03,Salem,45,Houston,0
2010-09-03,Parkway South,34,Jackson,13
2010-09-03,Sarcoxie,27,Jasper,6
2010-09-03,West Plains,6,Joplin,42
2010-09-03,Caruthersville,35,Kennett,6
2010-09-03,Rolla,22,Kickapoo,20
2010-09-03,Chillicothe,37,Kirksville,20
2010-09-03,Lexington,27,Knob Noster,96
2010-09-03,Paris,28,Knox County,6
2010-09-03,Odessa,40,Lafayette (St. Joseph),55
2010-09-03,Lindbergh,48,Lafayette (Wildwood),10
2010-09-03,Plattsburg,3,Lathrop,0
2010-09-03,Raytown,13,Lee's Summit North,31
2010-09-03,Central (St. Joseph),0,Lee's Summit West,30
2010-09-03,North Kansas City,20,Liberty,40
2010-09-03,Thayer,6,Liberty (Mountain View),46
2010-09-03,Monroe City,6,Macon,47
2010-09-03,Brookfield,21,Marceline,0
2010-09-03,South Shelby,13,Mark Twain,6
2010-09-03,Mexico,14,Marshall,15
2010-09-03,Smithville,0,Maryville,28
2010-09-03,Princeton with Mercer,35,Maysville,0
2010-09-03,McCluer North,28,McCluer,7
2010-09-03,Cleveland NJROTC,0,McCluer South-Berkeley,40
2010-09-03,Gallatin,6,Mid-Buchanan,50
2010-09-03,Appleton City with Montrose,14,Midway,42
2010-09-03,Schuyler County,42,Milan,8
2010-09-03,Osage,26,Moberly,14
2010-09-03,Logan-Rogersville,26,Monett,18
2010-09-03,Orchard Farm,35,Montgomery County,26
2010-09-03,Carl Junction,28,Mt. Vernon,47
2010-09-03,Jennings,15,Normandy Collaborative,6
2010-09-03,California,14,North Callaway,31
2010-09-03,St. Clair,28,North County,0
2010-09-03,South Harrison,0,North Platte,14
2010-09-03,University Academy Charter,45,Northeast (Kansas City),0
2010-09-03,Holden,28,Oak Grove,31
2010-09-03,Fort Osage,28,Oak Park,10
2010-09-03,Marquette,59,Oakville,40
2010-09-03,Clinton,27,O'Hara,25
2010-09-03,St. Paul Lutheran (Concordia),26,Orrick,32
2010-09-03,Greenfield,27,Osceola,8
2010-09-03,Potosi,32,Pacific,17
2010-09-03,Blue Springs South,34,Park Hill South,7
2010-09-03,Camdenton,30,Parkview,0
2010-09-03,Seckman,7,Parkway Central,39
2010-09-03,Rockwood Summit,17,Parkway North,42
2010-09-03,Hazelwood Central,14,Pattonville,7
2010-09-03,Renaissance Academy Charter,14,Pembroke Hill,28
2010-09-03,Liberal with Bronaugh,0,Pierce City,43
2010-09-03,Kearney,38,Platte County,0
2010-09-03,Marionville,14,Pleasant Hope,6
2010-09-03,Penney,46,Polo,0
2010-09-03,North Shelby,7,Putnam County,47
2010-09-03,Lee's Summit,49,Raymore-Peculiar,53
2010-09-03,Grandview,6,Raytown South,30
2010-09-03,Bolivar,62,Reeds Spring,0
2010-09-03,Nixa,27,Republic,13
2010-09-03,Riverview Gardens,16,Rock Bridge,43
2010-09-03,Park Hill,35,Ruskin,13
2010-09-03,Cole Camp,54,Sacred Heart,30
2010-09-03,Braymer,3,Salisbury,21
2010-09-03,Slater,0,Santa Fe,18
2010-09-03,Clark County,34,Scotland County,12
2010-09-03,Nevada,0,Seneca,42
2010-09-03,Charleston,6,Sikeston,51
2010-09-03,Ladue Horton Watkins,7,SLUH,21
2010-09-03,Marshfield,20,Springfield Catholic,28
2010-09-03,Clayton,28,St. Francis Borgia,32
2010-09-03,Hermann,38,St. James,22
2010-09-03,Windsor (Imperial),28,St. Mary's South Side,14
2010-09-03,Soldan International Studies,28,St. Pius X (Festus),15
2010-09-03,Center,28,St. Pius X (Kansas City),35
2010-09-03,Scott City,42,St. Vincent,21
2010-09-03,East Newton,8,Strafford,36
2010-09-03,Owensville,7,Sullivan,6
2010-09-03,Windsor,32,Sweet Springs with Malta Bend,16
2010-09-03,Troy Buchanan,13,Timberland,37
2010-09-03,Carrollton,14,Trenton,20
2010-09-03,St. Dominic,13,Trinity Catholic,6
2010-09-03,Belton,25,Truman,19
2010-09-03,Vashon,0,Union,35
2010-09-03,Webster Groves,45,University City,7
2010-09-03,Ste. Genevieve,0,Valle Catholic,48
2010-09-03,Southern Boone,14,Versailles,28
2010-09-03,Northwest (Cedar Hill),14,Vianney,44
2010-09-03,Smith-Cotton,20,Warrensburg,21
2010-09-03,Duchesne,21,Warrenton,48
2010-09-03,Central (Springfield),12,Warsaw,13
2010-09-03,Willard,0,Webb City,66
2010-09-03,Lone Jack,8,Wellington-Napoleon,41
2010-09-03,Lawson,37,West Platte,8
2010-09-03,Ava,8,Willow Springs,10
2010-09-03,Missouri Military Academy,27,Winfield,52
2010-09-03,William Chrisman,26,Winnetonka,21
2010-09-04,Gateway,46,Carnahan,0
2010-09-04,Wright City,55,Clopton with Elsberry,22
2010-09-04,Albany,6,Crest Ridge,45
2010-09-04,Harrisonville,20,Hazelwood West,0
2010-09-04,Pleasant Hill,26,Hogan Prep Academy Charter,20
2010-09-04,Principia,0,John Burroughs,57
2010-09-04,Westminster Christian Academy,0,Lutheran North,24
2010-09-04,Lutheran South,28,MICDS,55
2010-09-04,Jennings,15,Normandy Collaborative,6
2010-09-04,Chaminade College Preparatory,28,Roosevelt,6
2010-09-04,Confluence Prep Academy Charter,28,Wentworth Military Academy,6
2010-09-10,Clayton,7,Affton,24
2010-09-10,Braymer,43,Albany,8
2010-09-10,Cabool,13,Ava,37
2010-09-10,Lafayette (St. Joseph),49,Bishop LeBlond,7
2010-09-10,Osage,7,Blair Oaks,30
2010-09-10,Truman,0,Blue Springs,57
2010-09-10,Rockhurst,24,Blue Springs South,17
2010-09-10,Marshfield,6,Bolivar,40
2010-09-10,Putnam County,0,Brookfield,35
2010-09-10,Central (Springfield),62,Buffalo,12
2010-09-10,Liberal with Bronaugh,0,Butler,33
2010-09-10,Lebanon,17,Camdenton,12
2010-09-10,Aurora,35,Carl Junction,14
2010-09-10,Lexington,33,Carrollton,18
2010-09-10,Crystal City,6,Caruthersville,41
2010-09-10,Pembroke Hill,13,Center,21
2010-09-10,Lee's Summit North,8,Central (St. Joseph),6
2010-09-10,Hayti,42,Chaffee,0
2010-09-10,Portageville,30,Charleston,16
2010-09-10,Smithville,27,Chillicothe,20
2010-09-10,Centralia,18,Clark County,7
2010-09-10,Orrick,0,Concordia,52
2010-09-10,Christian Brothers College,17,De Smet Jesuit,10
2010-09-10,Adrian,21,Drexel with Miami (Amoret),13
2010-09-10,Bowling Green,42,Duchesne,7
2010-09-10,Van Horn,16,East Buchanan,36
2010-09-10,Scott City,23,East Prairie,37
2010-09-10,Hallsville,20,Eldon,42
2010-09-10,Pleasant Hope,12,Fair Grove,41
2010-09-10,Central (New Madrid County),18,Farmington,51
2010-09-10,Marceline,41,Fayette,0
2010-09-10,Timberland,21,Francis Howell,53
2010-09-10,Francis Howell North,18,Ft. Zumwalt East,40
2010-09-10,Warrenton,33,Ft. Zumwalt North,14
2010-09-10,St. Charles,7,Ft. Zumwalt South,29
2010-09-10,Hannibal,39,Fulton,0
2010-09-10,Princeton with Mercer,58,Gallatin,14
2010-09-10,Vashon,26,Gateway,48
2010-09-10,Oak Park,39,Grandview,20
2010-09-10,El Dorado Springs,20,Greenfield,0
2010-09-10,Excelsior Springs,0,Harrisonville,21
2010-09-10,Pacific,19,Hermann,13
2010-09-10,Hazelwood West,0,Hickman,30
2010-09-10,Scotland County,24,Highland,8
2010-09-10,Joplin,36,Hillcrest,35
2010-09-10,Festus,20,Hillsboro,6
2010-09-10,Francis Howell Central,12,Holt,42
2010-09-10,Mountain Grove,48,Houston,0
2010-09-10,North County,0,Jackson,17
2010-09-10,Ozark,0,Kearney,0
2010-09-10,Mt. Vernon,24,Lamar,35
2010-09-10,Raytown South,12,Lee's Summit,21
2010-09-10,Raymore-Peculiar,28,Liberty,24
2010-09-10,Benton,48,Lincoln College Prep,14
2010-09-10,Fox,12,Lindbergh,21
2010-09-10,Reeds Spring,6,Logan-Rogersville,48
2010-09-10,Sweet Springs with Malta Bend,7,Lone Jack,21
2010-09-10,Mark Twain,38,Louisiana,0
2010-09-10,Lutheran North,66,Lutheran South,14
2010-09-10,Potosi,6,Maplewood-Richmond Hts.,22
2010-09-10,Strafford,49,Marionville,12
2010-09-10,Eureka,24,Marquette,8
2010-09-10,Boonville,40,Marshall,13
2010-09-10,McCluer,22,Maryville,36
2010-09-10,Ash Grove,43,McAuley Catholic,3
2010-09-10,Lafayette (Wildwood),35,Mehlville,7
2010-09-10,Winfield,0,Mexico,55
2010-09-10,East (Kansas City),0,Mid-Buchanan,45
2010-09-10,Hogan Prep Academy Charter,26,Miller,20
2010-09-10,Versailles,6,Moberly,33
2010-09-10,Nixa,35,Monett,13
2010-09-10,Kirksville,31,Monroe City,18
2010-09-10,Republic,16,Neosho,40
2010-09-10,East Newton,22,Nevada,6
2010-09-10,Lee's Summit West,21,North Kansas City,6
2010-09-10,Knob Noster,21,North Platte,33
2010-09-10,Knox County,32,North Shelby,18
2010-09-10,Parkway Central,35,Northwest (Cedar Hill),14
2010-09-10,Renaissance Academy Charter,20,Oak Grove,50
2010-09-10,Pleasant Hill,20,Odessa,26
2010-09-10,Warrensburg,28,O'Hara,0
2010-09-10,Jasper,6,Osceola,43
2010-09-10,St. Francis Borgia,7,Owensville,19
2010-09-10,Milan,27,Palmyra,7
2010-09-10,Park Hill South,6,Park Hill,19
2010-09-10,University City,13,Parkway North,42
2010-09-10,Oakville,33,Parkway South,21
2010-09-10,Maysville,0,Penney,48
2010-09-10,Central (Park Hills),35,Perryville,14
2010-09-10,Diamond,6,Pierce City,42
2010-09-10,Lawson,40,Plattsburg,12
2010-09-10,Westminster Christian Academy,0,Priory,28
2010-09-10,Fort Osage,10,Raytown,0
2010-09-10,Midway,55,Rich Hill with Hume,0
2010-09-10,Holden,8,Richmond,26
2010-09-10,Ritenour,28,Riverview Gardens,34
2010-09-10,Parkway West,20,Rockwood Summit,28
2010-09-10,Glendale,13,Rolla,12
2010-09-10,Smith-Cotton,26,Ruskin,25
2010-09-10,Liberty (Mountain View),41,Salem,15
2010-09-10,Lockwood with Golden City,28,Sarcoxie,6
2010-09-10,Salisbury,28,Schuyler County,14
2010-09-10,Kirkwood,48,Seckman,7
2010-09-10,Appleton City with Montrose,0,Sherwood,36
2010-09-10,Dexter,0,Sikeston,41
2010-09-10,Stockton,20,Skyline,14
2010-09-10,Wentworth Military Academy,7,Slater,28
2010-09-10,North Callaway,21,South Callaway,41
2010-09-10,King City with Pattonsburg,0,South Harrison,26
2010-09-10,Macon,42,South Shelby,6
2010-09-10,Cuba,14,Southern Boone,36
2010-09-10,Hollister,0,Springfield Catholic,42
2010-09-10,Troy Buchanan,13,St. Clair,22
2010-09-10,Lutheran St. Charles,14,St. Dominic,41
2010-09-10,Windsor,20,St. Mary's (Independence),22
2010-09-10,John F. Kennedy,6,St. Mary's South Side,28
2010-09-10,Santa Fe,20,St. Paul Lutheran (Concordia),6
2010-09-10,Clinton,12,St. Pius X (Kansas City),38
2010-09-10,Missouri Military Academy,0,St. Vincent,47
2010-09-10,Platte County,3,Staley,31
2010-09-10,Fredericktown,50,Ste. Genevieve,26
2010-09-10,DeSoto with Kingston,27,Sullivan,14
2010-09-10,Willow Springs,12,Thayer,47
2010-09-10,Archie,3,Tipton,42
2010-09-10,Lathrop,0,Trenton,34
2010-09-10,St. James,0,Union,48
2010-09-10,Herculaneum,0,Valle Catholic,40
2010-09-10,Montgomery County,21,Van-Far with Community,12
2010-09-10,Chaminade College Preparatory,42,Vianney,7
2010-09-10,California,7,Warsaw,29
2010-09-10,St. Charles West,17,Washington,28
2010-09-10,Parkview,28,Waynesville,43
2010-09-10,Branson,13,Webb City,42
2010-09-10,SLUH,14,Webster Groves,31
2010-09-10,Crest Ridge,24,Wellington-Napoleon,47
2010-09-10,Kickapoo,49,West Plains,8
2010-09-10,Lafayette County,14,West Platte,23
2010-09-10,Paris,6,Westran,49
2010-09-10,Carthage,48,Willard,0
2010-09-10,Liberty North,14,William Chrisman,41
2010-09-10,Principia,13,Windsor (Imperial),33
2010-09-10,Veritas Christian Academy,6,Wright City,48
2010-09-11,Winnetonka,21,Belton,8
2010-09-11,Confluence Prep Academy Charter,8,Cleveland NJROTC,20
2010-09-11,Rock Bridge,20,Hazelwood Central,23
2010-09-11,Jefferson City,43,Hazelwood East,18
2010-09-11,Soldan International Studies,15,Jennings,24
2010-09-11,Pattonville,21,McCluer North,24
2010-09-11,Ladue Horton Watkins,21,McCluer South-Berkeley,14
2010-09-11,John Burroughs,21,MICDS,0
2010-09-11,Savannah,38,Poplar Bluff,0
2010-09-11,Roosevelt,14,Sumner,12
2010-09-16,McCluer South-Berkeley,15,Clayton,24
2010-09-16,MICDS,20,Helias Catholic,40
2010-09-16,Ladue Horton Watkins,42,Jennings,6
2010-09-16,Pembroke Hill,60,Northeast (Kansas City),0
2010-09-16,Seckman,21,Parkway West,56
2010-09-16,Parkway North,49,Timberland,7
2010-09-16,Parkway Central,58,University City,39
2010-09-16,John Burroughs,56,Windsor (Imperial),31
2010-09-17,Appleton City with Montrose,0,Adrian,54
2010-09-17,Jasper,0,Archie,54
2010-09-17,Marionville,24,Ash Grove,19
2010-09-17,Cassville,34,Aurora,6
2010-09-17,Houston,0,Ava,46
2010-09-17,Cameron,21,Benton,27
2010-09-17,Warsaw,7,Blair Oaks,21
2010-09-17,Lee's Summit West,17,Blue Springs South,41
2010-09-17,Kirksville,14,Boonville,41
2010-09-17,Hillcrest,7,Camdenton,28
2010-09-17,East Newton,20,Carl Junction,22
2010-09-17,Jackson,6,Central (Cape Girardeau),41
2010-09-17,East (Kansas City),0,Central (Kansas City),31
2010-09-17,Nevada,3,Central (Springfield),53
2010-09-17,Mexico,14,Centralia,32
2010-09-17,St. Pius X (Festus),6,Chaffee,20
2010-09-17,Central (New Madrid County),49,Charleston,20
2010-09-17,Bishop LeBlond,12,Chillicothe,35
2010-09-17,SLUH,37,Christian Brothers College,42
2010-09-17,Center,21,Clinton,14
2010-09-17,Bowling Green,42,Clopton with Elsberry,0
2010-09-17,St. Paul Lutheran (Concordia),43,Crest Ridge,16
2010-09-17,Veritas Christian Academy,45,Crystal City,46
2010-09-17,Vianney,7,De Smet Jesuit,28
2010-09-17,Ft. Zumwalt North,31,DeSoto with Kingston,28
2010-09-17,Scott City,7,Dexter,43
2010-09-17,Cardinal Ritter,16,Duchesne,13
2010-09-17,El Dorado Springs,24,Eldon,14
2010-09-17,Washington,14,Eureka,52
2010-09-17,Grain Valley,31,Excelsior Springs,6
2010-09-17,North County,6,Farmington,59
2010-09-17,Knox County,32,Fayette,18
2010-09-17,Blue Springs,35,Fort Osage,0
2010-09-17,Rockwood Summit,56,Francis Howell Central,20
2010-09-17,Ft. Zumwalt South,14,Francis Howell North,35
2010-09-17,Central (Park Hills),30,Fredericktown,48
2010-09-17,Francis Howell,41,Ft. Zumwalt West,33
2010-09-17,Marshall,23,Fulton,6
2010-09-17,Kearney,67,Grandview,14
2010-09-17,Pierce City,43,Greenfield,6
2010-09-17,Hickman,17,Hannibal,14
2010-09-17,Caruthersville,20,Hayti,12
2010-09-17,Kirkwood,38,Hazelwood Central,45
2010-09-17,St. Vincent,14,Herculaneum,48
2010-09-17,Union,49,Hermann,0
2010-09-17,Bolivar,76,Hollister,6
2010-09-17,Troy Buchanan,0,Holt,37
2010-09-17,Rock Bridge,39,Jefferson City,36
2010-09-17,East Prairie,32,Kennett,19
2010-09-17,Glendale,14,Kickapoo,28
2010-09-17,Polo,37,King City with Pattonsburg,14
2010-09-17,Holden,49,Knob Noster,14
2010-09-17,Maryville,35,Lafayette (St. Joseph),6
2010-09-17,McCluer North,30,Lafayette (Wildwood),17
2010-09-17,Monett,21,Lamar,27
2010-09-17,East Buchanan,56,Lathrop,8
2010-09-17,St. Pius X (Kansas City),21,Lawson,27
2010-09-17,Lee's Summit,13,Lee's Summit North,10
2010-09-17,Lafayette County,8,Lexington,0
2010-09-17,Diamond,18,Liberal with Bronaugh,20
2010-09-17,Staley,42,Liberty North,7
2010-09-17,Parkway South,21,Lindbergh,24
2010-09-17,Rich Hill with Hume,6,Lockwood with Golden City,39
2010-09-17,Springfield Catholic,20,Logan-Rogersville,13
2010-09-17,Concordia,44,Lone Jack,0
2010-09-17,Monroe City,34,Louisiana,0
2010-09-17,Moberly,14,Macon,39
2010-09-17,Ste. Genevieve,18,Maplewood-Richmond Hts.,42
2010-09-17,Highland,14,Mark Twain,66
2010-09-17,Buffalo,8,Marshfield,57
2010-09-17,Gallatin,6,Maysville,7
2010-09-17,Oakville,7,Mehlville,25
2010-09-17,West Platte,41,Midway,3
2010-09-17,Sarcoxie,6,Miller,53
2010-09-17,Brentwood,41,Missouri Military Academy,6
2010-09-17,California,18,Montgomery County,14
2010-09-17,Liberty (Mountain View),41,Mountain Grove,8
2010-09-17,Seneca,27,Mt. Vernon,12
2010-09-17,Webb City,48,Neosho,6
2010-09-17,Carthage,37,Nixa,14
2010-09-17,Affton,19,Normandy Collaborative,28
2010-09-17,Hallsville,14,North Callaway,42
2010-09-17,Milan,42,North Shelby,30
2010-09-17,Pembroke Hill,60,Northeast (Kansas City),0
2010-09-17,Marquette,49,Northwest (Cedar Hill),12
2010-09-17,Ruskin,15,Oak Park,34
2010-09-17,Warrensburg,35,Odessa,42
2010-09-17,Southern Boone,46,Orchard Farm,24
2010-09-17,Sweet Springs with Malta Bend,0,Orrick,46
2010-09-17,Versailles,19,Osage,13
2010-09-17,Drexel with Miami (Amoret),37,Osceola,25
2010-09-17,Willard,8,Ozark,41
2010-09-17,Festus,36,Pacific,13
2010-09-17,Brookfield,41,Palmyra,0
2010-09-17,Slater,18,Paris,57
2010-09-17,William Chrisman,4,Park Hill South,36
2010-09-17,Joplin,20,Parkview,32
2010-09-17,Riverview Gardens,22,Pattonville,45
2010-09-17,Central (St. Joseph),49,Platte County,38
2010-09-17,North Platte,16,Plattsburg,27
2010-09-17,Oak Grove,14,Pleasant Hill,0
2010-09-17,Sikeston,36,Poplar Bluff,6
2010-09-17,Malden,26,Portageville,8
2010-09-17,Perryville,7,Potosi,56
2010-09-17,Penney,47,Princeton with Mercer,24
2010-09-17,North Kansas City,18,Raymore-Peculiar,56
2010-09-17,Belton,20,Raytown,28
2010-09-17,Fair Grove,14,Reeds Spring,12
2010-09-17,Branson,34,Republic,15
2010-09-17,Carrollton,0,Richmond,54
2010-09-17,McCluer,14,Ritenour,17
2010-09-17,Liberty,0,Rockhurst,41
2010-09-17,Marceline,0,Salisbury,14
2010-09-17,Wellington-Napoleon,28,Santa Fe,6
2010-09-17,Westran,55,Schuyler County,6
2010-09-17,Mid-Buchanan,22,Sherwood,20
2010-09-17,Pleasant Hope,6,Skyline,32
2010-09-17,O'Hara,14,Smith-Cotton,31
2010-09-17,Savannah,21,Smithville,10
2010-09-17,Cuba,8,South Callaway,24
2010-09-17,Albany,12,South Harrison,52
2010-09-17,Clark County,6,South Shelby,39
2010-09-17,St. Charles,10,St. Charles West,26
2010-09-17,Owensville,22,St. Clair,20
2010-09-17,Westminster Christian Academy,0,St. Francis Borgia,24
2010-09-17,Cabool,12,St. James,25
2010-09-17,St. Dominic,21,St. Mary's South Side,11
2010-09-17,Stockton,26,Strafford,27
2010-09-17,Hillsboro,34,Sullivan,21
2010-09-17,Putnam County,16,Trenton,42
2010-09-17,Park Hill,61,Truman,20
2010-09-17,Grandview (Hillsboro),6,Valle Catholic,63
2010-09-17,Butler,27,Van Horn,22
2010-09-17,Ft. Zumwalt East,35,Warrenton,26
2010-09-17,Lebanon,25,Waynesville,14
2010-09-17,Rolla,42,West Plains,0
2010-09-17,Salem,21,Willow Springs,7
2010-09-17,Cole Camp,25,Windsor,12
2010-09-17,Van-Far with Community,22,Winfield,26
2010-09-17,Raytown South,38,Winnetonka,14
2010-09-18,Lift for Life Academy Charter,44,Cleveland NJROTC,14
2010-09-18,Hazelwood West,13,Hazelwood East,20
2010-09-18,University Academy Charter,31,Hogan Prep Academy Charter,48
2010-09-18,Priory,31,Lutheran North,26
2010-09-18,Vashon,14,Miller Career Academy,21
2010-09-18,Lutheran South,45,Principia,7
2010-09-18,St. Mary's (Independence),12,Renaissance Academy Charter,29
2010-09-18,Soldan International Studies,29,Roosevelt,43
2010-09-18,Tipton,44,Scotland County,0
2010-09-18,Transportation and Law with Beaumont,25,Sumner,6
2010-09-18,Sacred Heart,28,Wentworth Military Academy,18
2010-09-23,Hillcrest,28,Glendale,16
2010-09-23,Joplin,16,Liberal with Bronaugh,26
2010-09-24,Rich Hill with Hume,8,Adrian,61
2010-09-24,Windsor,39,Appleton City with Montrose,15
2010-09-24,Drexel with Miami (Amoret),6,Archie,31
2010-09-24,Chillicothe,21,Benton,26
2010-09-24,St. Mary's South Side,35,Bishop DuBourg,6
2010-09-24,Maryville,54,Bishop LeBlond,3
2010-09-24,Lee's Summit,42,Blue Springs,69
2010-09-24,Buffalo,0,Bolivar,68
2010-09-24,St. Francis Borgia,7,Bowling Green,35
2010-09-24,Cuba,6,Brentwood,7
2010-09-24,Highland,6,Brookfield,55
2010-09-24,Renaissance Academy Charter,20,Butler,7
2010-09-24,Willow Springs,26,Cabool,7
2010-09-24,Blair Oaks,42,California,16
2010-09-24,Savannah,48,Cameron,13
2010-09-24,Lutheran St. Charles,7,Cardinal Ritter,58
2010-09-24,Monett,41,Carl Junction,14
2010-09-24,Neosho,7,Carthage,42
2010-09-24,Mt. Vernon,0,Cassville,49
2010-09-24,Caruthersville,41,Central (New Madrid County),14
2010-09-24,Maplewood-Richmond Hts.,41,Central (Park Hills),6
2010-09-24,McDonald County,22,Central (Springfield),41
2010-09-24,Truman,0,Central (St. Joseph),48
2010-09-24,Mark Twain,28,Centralia,42
2010-09-24,De Smet Jesuit,21,Chaminade College Preparatory,28
2010-09-24,Hayti,30,Charleston,20
2010-09-24,Smith-Cotton,35,Clinton,6
2010-09-24,Slater,21,Cole Camp,36
2010-09-24,Knob Noster,0,Concordia,44
2010-09-24,Orrick,58,Crest Ridge,6
2010-09-24,Valle Catholic,50,Crystal City,6
2010-09-24,St. Clair,21,DeSoto with Kingston,6
2010-09-24,Plattsburg,3,East Buchanan,41
2010-09-24,Aurora,32,East Newton,20
2010-09-24,Liberty (Mountain View),41,East Prairie,7
2010-09-24,Oak Grove,35,Excelsior Springs,13
2010-09-24,Sullivan,12,Festus,25
2010-09-24,Mehlville,14,Fox,8
2010-09-24,Christian Brothers College,45,Francis Howell,31
2010-09-24,Timberland,37,Francis Howell Central,41
2010-09-24,Perryville,9,Fredericktown,35
2010-09-24,Union,36,Ft. Zumwalt East,43
2010-09-24,Pleasant Hill,0,Grain Valley,24
2010-09-24,Liberty North,28,Grandview,26
2010-09-24,Herculaneum,41,Grandview (Hillsboro),20
2010-09-24,Fayette,14,Hallsville,20
2010-09-24,Marshall,0,Hannibal,47
2010-09-24,Odessa,6,Harrisonville,51
2010-09-24,Helias Catholic,17,Hickman,20
2010-09-24,Windsor (Imperial),22,Hillsboro,33
2010-09-24,Lexington,20,Holden,49
2010-09-24,Ft. Zumwalt West,48,Holt,17
2010-09-24,Ash Grove,28,Houston,14
2010-09-24,Pierce City,49,Jasper,0
2010-09-24,Park Hill,14,Jefferson City,40
2010-09-24,Clayton,18,Jennings,12
2010-09-24,St. Dominic,34,John F. Kennedy,14
2010-09-24,Waynesville,21,Joplin,53
2010-09-24,Staley,3,Kearney,21
2010-09-24,Camdenton,28,Kickapoo,7
2010-09-24,Schuyler County,34,Knox County,14
2010-09-24,Northwest (Cedar Hill),0,Lafayette (Wildwood),40
2010-09-24,Richmond,16,Lafayette County,0
2010-09-24,Rolla,6,Lebanon,20
2010-09-24,Lee's Summit North,42,Liberty,27
2010-09-24,Santa Fe,33,Lone Jack,18
2010-09-24,Priory,31,Lutheran South,7
2010-09-24,Clark County,14,Macon,32
2010-09-24,Dexter,20,Malden,26
2010-09-24,Paris,13,Marceline,56
2010-09-24,Sarcoxie,9,Marionville,28
2010-09-24,Lindbergh,21,Marquette,35
2010-09-24,Logan-Rogersville,6,Marshfield,0
2010-09-24,South Harrison,21,Maysville,8
2010-09-24,Boonville,29,Mexico,36
2010-09-24,Lawson,21,Mid-Buchanan,7
2010-09-24,Osceola,6,Midway,36
2010-09-24,Braymer,28,Milan,0
2010-09-24,Lockwood with Golden City,6,Miller,56
2010-09-24,Fulton,7,Moberly,46
2010-09-24,South Shelby,33,Monroe City,0
2010-09-24,Winfield,0,Montgomery County,48
2010-09-24,Salem,34,Mountain Grove,7
2010-09-24,El Dorado Springs,40,Nevada,6
2010-09-24,Central (Cape Girardeau),51,North County,14
2010-09-24,Ruskin,20,North Kansas City,22
2010-09-24,Lathrop,0,North Platte,42
2010-09-24,Salisbury,49,North Shelby,14
2010-09-24,Central (Kansas City),44,Northeast (Kansas City),6
2010-09-24,Platte County,26,Oak Park,14
2010-09-24,Francis Howell North,40,Oakville,19
2010-09-24,Clopton with Elsberry,48,Orchard Farm,19
2010-09-24,Eldon,22,Osage,25
2010-09-24,Hermann,6,Owensville,27
2010-09-24,Republic,14,Ozark,27
2010-09-24,St. James,40,Pacific,28
2010-09-24,Louisiana,0,Palmyra,35
2010-09-24,Raytown,13,Park Hill South,35
2010-09-24,West Plains,22,Parkview,42
2010-09-24,Parkway West,7,Parkway Central,50
2010-09-24,Eureka,35,Parkway South,21
2010-09-24,Lincoln College Prep,8,Pembroke Hill,69
2010-09-24,Gallatin,12,Penney,51
2010-09-24,Kennett,19,Portageville,18
2010-09-24,King City with Pattonsburg,20,Princeton with Mercer,55
2010-09-24,Scotland County,14,Putnam County,20
2010-09-24,Blue Springs South,38,Raymore-Peculiar,28
2010-09-24,Fort Osage,21,Raytown South,26
2010-09-24,Hollister,0,Reeds Spring,20
2010-09-24,Ft. Zumwalt North,0,Ritenour,13
2010-09-24,Rockhurst,41,Rock Bridge,20
2010-09-24,Chaffee,27,Scott City,13
2010-09-24,University City,14,Seckman,19
2010-09-24,Lamar,22,Seneca,42
2010-09-24,Jackson,18,Sikeston,49
2010-09-24,Vianney,20,SLUH,52
2010-09-24,Lafayette (St. Joseph),20,Smithville,14
2010-09-24,South Callaway,28,Southern Boone,0
2010-09-24,Duchesne,6,St. Charles West,28
2010-09-24,O'Hara,7,St. Pius X (Kansas City),14
2010-09-24,St. Pius X (Festus),12,St. Vincent,21
2010-09-24,Potosi,32,Ste. Genevieve,8
2010-09-24,Fair Grove,7,Stockton,33
2010-09-24,Springfield Catholic,44,Strafford,13
2010-09-24,Skyline,22,Sweet Springs with Malta Bend,8
2010-09-24,Ava,30,Thayer,16
2010-09-24,North Callaway,7,Tipton,35
2010-09-24,West Platte,48,Trenton,21
2010-09-24,Westminster Christian Academy,7,Trinity Catholic,44
2010-09-24,Kirksville,21,Troy Buchanan,14
2010-09-24,Sherwood,28,Van Horn,8
2010-09-24,Wright City,56,Van-Far with Community,8
2010-09-24,Warsaw,20,Versailles,54
2010-09-24,Center,27,Warrensburg,6
2010-09-24,St. Charles,12,Washington,52
2010-09-24,Nixa,14,Webb City,35
2010-09-24,Rockwood Summit,14,Webster Groves,48
2010-09-24,St. Paul Lutheran (Concordia),0,Wellington-Napoleon,52
2010-09-24,Carrollton,0,Westran,41
2010-09-24,Branson,42,Willard,20
2010-09-24,Belton,21,William Chrisman,40
2010-09-25,Confluence Prep Academy Charter,8,Carnahan,24
2010-09-25,Warrenton,52,Ft. Zumwalt South,14
2010-09-25,Hazelwood East,14,Hazelwood Central,21
2010-09-25,Riverview Gardens,18,Hazelwood West,21
2010-09-25,Greenfield,7,Hogan Prep Academy Charter,38
2010-09-25,Lutheran North,14,John Burroughs,49
2010-09-25,Normandy Collaborative,26,Ladue Horton Watkins,28
2010-09-25,Winnetonka,0,Lee's Summit West,30
2010-09-25,Pattonville,24,McCluer,20
2010-09-25,Affton,9,McCluer South-Berkeley,20
2010-09-25,Principia,13,MICDS,49
2010-09-25,Wentworth Military Academy,22,Missouri Military Academy,13
2010-09-25,Kirkwood,14,Parkway North,21
2010-09-25,Albany,6,Polo,61
2010-09-25,Vashon,19,Roosevelt,32
2010-09-25,Cleveland NJROTC,6,Soldan International Studies,54
2010-09-30,Glendale,38,Central (Springfield),12
2010-09-30,Crystal City,41,St. Vincent,6
2010-10-01,Midway,29,Adrian,35
2010-10-01,Ladue Horton Watkins,42,Affton,7
2010-10-01,Crest Ridge,13,Archie,47
2010-10-01,Monett,20,Aurora,28
2010-10-01,Smithville,34,Bishop LeBlond,2
2010-10-01,Versailles,8,Blair Oaks,32
2010-10-01,Lee's Summit North,21,Blue Springs South,14
2010-10-01,Hannibal,28,Boonville,7
2010-10-01,Ozark,13,Branson,30
2010-10-01,Maysville,12,Braymer,28
2010-10-01,Reeds Spring,40,Buffalo,24
2010-10-01,Appleton City with Montrose,16,Butler,40
2010-10-01,Osage,28,California,14
2010-10-01,St. Mary's South Side,0,Cardinal Ritter,52
2010-10-01,Seneca,27,Carl Junction,0
2010-10-01,Hogan Prep Academy Charter,35,Carrollton,25
2010-10-01,Herculaneum,14,Caruthersville,33
2010-10-01,Smith-Cotton,13,Center,17
2010-10-01,St. Charles West,0,Central (Cape Girardeau),47
2010-10-01,Hillsboro,20,Central (Park Hills),40
2010-10-01,Ruskin,12,Central (St. Joseph),52
2010-10-01,East Prairie,42,Chaffee,0
2010-10-01,SLUH,40,Chaminade College Preparatory,42
2010-10-01,Brookfield,41,Clark County,7
2010-10-01,Warrensburg,27,Clinton,14
2010-10-01,Van-Far with Community,20,Clopton with Elsberry,49
2010-10-01,Tipton,28,Cole Camp,12
2010-10-01,Wellington-Napoleon,8,Concordia,62
2010-10-01,Charleston,12,Dexter,55
2010-10-01,Greenfield,41,Diamond,12
2010-10-01,Rich Hill with Hume,6,Drexel with Miami (Amoret),42
2010-10-01,Centralia,29,Duchesne,0
2010-10-01,Fair Grove,7,El Dorado Springs,42
2010-10-01,Lindbergh,42,Eureka,28
2010-10-01,DeSoto with Kingston,19,Festus,20
2010-10-01,Belton,14,Fort Osage,49
2010-10-01,Lafayette (Wildwood),45,Fox,6
2010-10-01,Holt,31,Francis Howell North,23
2010-10-01,Albany,6,Gallatin,51
2010-10-01,Southern Boone,50,Hallsville,27
2010-10-01,North Callaway,21,Hermann,34
2010-10-01,Macon,66,Highland,0
2010-10-01,Waynesville,27,Hillcrest,28
2010-10-01,Lafayette County,38,Holden,27
2010-10-01,Logan-Rogersville,46,Hollister,0
2010-10-01,McCluer South-Berkeley,16,Jennings,12
2010-10-01,Rolla,36,Joplin,28
2010-10-01,Oak Park,7,Kearney,52
2010-10-01,Fulton,7,Kirksville,17
2010-10-01,Parkway Central,17,Kirkwood,10
2010-10-01,Putnam County,39,Knox County,12
2010-10-01,Cameron,10,Lafayette (St. Joseph),28
2010-10-01,Cassville,42,Lamar,7
2010-10-01,West Platte,37,Lathrop,0
2010-10-01,East Buchanan,20,Lawson,43
2010-10-01,Kickapoo,6,Lebanon,41
2010-10-01,Liberty,40,Lee's Summit,42
2010-10-01,Trenton,27,Lexington,41
2010-10-01,Cabool,0,Liberty (Mountain View),48
2010-10-01,Platte County,46,Liberty North,21
2010-10-01,Orrick,8,Lone Jack,12
2010-10-01,Brentwood,14,Lutheran South,45
2010-10-01,Kennett,12,Malden,27
2010-10-01,Perryville,0,Maplewood-Richmond Hts.,55
2010-10-01,Monroe City,26,Mark Twain,30
2010-10-01,Moberly,23,Marshall,0
2010-10-01,Benton,21,Maryville,34
2010-10-01,Marquette,35,Mehlville,7
2010-10-01,St. Charles,14,Mexico,37
2010-10-01,Jasper,0,Miller,59
2010-10-01,East Newton,0,Mt. Vernon,32
2010-10-01,Nixa,27,Neosho,21
2010-10-01,William Chrisman,42,Nevada,7
2010-10-01,Windsor (Imperial),15,North County,35
2010-10-01,Parkway South,35,Northwest (Cedar Hill),6
2010-10-01,Grain Valley,28,Oak Grove,14
2010-10-01,De Smet Jesuit,42,Oakville,0
2010-10-01,Excelsior Springs,32,Odessa,48
2010-10-01,University Academy Charter,30,O'Hara,42
2010-10-01,South Callaway,18,Orchard Farm,7
2010-10-01,Owensville,38,Pacific,19
2010-10-01,Fayette,18,Paris,35
2010-10-01,North Kansas City,6,Park Hill,49
2010-10-01,Willard,14,Parkview,48
2010-10-01,Webster Groves,48,Parkway West,13
2010-10-01,Ritenour,16,Pattonville,21
2010-10-01,McAuley Catholic,0,Pierce City,50
2010-10-01,Mid-Buchanan,44,Plattsburg,33
2010-10-01,Harrisonville,29,Pleasant Hill,7
2010-10-01,Strafford,45,Pleasant Hope,14
2010-10-01,Farmington,70,Poplar Bluff,7
2010-10-01,Scott City,13,Portageville,37
2010-10-01,Fredericktown,14,Potosi,33
2010-10-01,Polo,22,Princeton with Mercer,28
2010-10-01,Blue Springs,48,Raymore-Peculiar,14
2010-10-01,Park Hill South,24,Raytown South,20
2010-10-01,Knob Noster,0,Richmond,48
2010-10-01,Helias Catholic,31,Rock Bridge,28
2010-10-01,Hickman,13,Rockhurst,34
2010-10-01,Ava,6,Salem,14
2010-10-01,Louisiana,0,Salisbury,34
2010-10-01,Windsor,0,Santa Fe,38
2010-10-01,Liberal with Bronaugh,28,Sarcoxie,0
2010-10-01,Chillicothe,28,Savannah,34
2010-10-01,North Shelby,13,Schuyler County,72
2010-10-01,Milan,6,Scotland County,13
2010-10-01,Parkway North,35,Seckman,0
2010-10-01,Central (New Madrid County),15,Sikeston,54
2010-10-01,Ash Grove,25,Skyline,51
2010-10-01,Penney,62,South Harrison,0
2010-10-01,Palmyra,6,South Shelby,41
2010-10-01,Bolivar,49,Springfield Catholic,36
2010-10-01,Bowling Green,10,St. Dominic,14
2010-10-01,Sullivan,8,St. Francis Borgia,28
2010-10-01,St. Clair,47,St. James,7
2010-10-01,Van Horn,14,St. Mary's (Independence),18
2010-10-01,Sweet Springs with Malta Bend,6,St. Paul Lutheran (Concordia),22
2010-10-01,Cuba,22,St. Pius X (Festus),12
2010-10-01,Northeast (Kansas City),0,St. Pius X (Kansas City),68
2010-10-01,Grandview,6,Staley,33
2010-10-01,John Burroughs,42,Ste. Genevieve,7
2010-10-01,Marionville,21,Stockton,46
2010-10-01,Mountain Grove,13,Thayer,63
2010-10-01,Ft. Zumwalt North,22,Timberland,23
2010-10-01,Francis Howell,49,Troy Buchanan,0
2010-10-01,Lee's Summit West,42,Truman,0
2010-10-01,Warrenton,21,Union,42
2010-10-01,Christian Brothers College,49,Vianney,9
2010-10-01,Eldon,30,Warsaw,40
2010-10-01,Jefferson City,41,Washington,3
2010-10-01,Republic,6,Webb City,41
2010-10-01,Camdenton,42,West Plains,20
2010-10-01,Marshfield,35,Willow Springs,31
2010-10-01,Raytown,7,Winnetonka,28
2010-10-01,Montgomery County,14,Wright City,51
2010-10-02,Soldan International Studies,37,Carnahan,14
2010-10-02,Normandy Collaborative,15,Clayton,24
2010-10-02,Transportation and Law with Beaumont,47,Cleveland NJROTC,12
2010-10-02,Ft. Zumwalt South,0,Ft. Zumwalt East,40
2010-10-02,Francis Howell Central,21,Ft. Zumwalt West,54
2010-10-02,McCluer North,26,Hazelwood East,14
2010-10-02,Hazelwood West,19,McCluer,30
2010-10-02,Ritenour,16,Pattonville,21
2010-10-02,Lutheran North,44,Principia,7
2010-10-02,MICDS,45,Priory,21
2010-10-02,Sherwood,36,Renaissance Academy Charter,20
2010-10-02,Hazelwood Central,41,Riverview Gardens,0
2010-10-02,Rockwood Summit,24,University City,7
2010-10-02,Jackson,20,Vashon,21
2010-10-02,East (Kansas City),0,Wentworth Military Academy,41
2010-10-02,Veritas Christian Academy,7,Westminster Christian Academy,24
2010-10-02,Valle Catholic,14,Westran,21
2010-10-05,St. Vincent,7,Grandview (Hillsboro),33
2010-10-07,Miller Career Academy,20,De Smet Jesuit,17
2010-10-08,Jennings,6,Affton,14
2010-10-08,Penney,61,Albany,13
2010-10-08,Raytown South,31,Belton,14
2010-10-08,Neosho,28,Branson,47
2010-10-08,Louisiana,12,Brookfield,57
2010-10-08,Springfield Catholic,55,Buffalo,22
2010-10-08,Joplin,6,Camdenton,23
2010-10-08,Bishop LeBlond,21,Cameron,28
2010-10-08,Cassville,42,Carl Junction,0
2010-10-08,Dexter,14,Caruthersville,41
2010-10-08,O'Hara,32,Center,49
2010-10-08,Lincoln College Prep,26,Central (Kansas City),8
2010-10-08,Monroe City,0,Centralia,33
2010-10-08,Malden,35,Chaffee,0
2010-10-08,Herculaneum,6,Charleston,7
2010-10-08,Lafayette (St. Joseph),45,Chillicothe,7
2010-10-08,Chaminade College Preparatory,35,Christian Brothers College,38
2010-10-08,Westminster Christian Academy,7,Clayton,44
2010-10-08,Lone Jack,6,Crest Ridge,14
2010-10-08,Wright City,16,Cuba,22
2010-10-08,Jasper,24,Diamond,14
2010-10-08,East (Kansas City),0,East Buchanan,62
2010-10-08,Lamar,41,East Newton,8
2010-10-08,Portageville,26,East Prairie,40
2010-10-08,Butler,28,El Dorado Springs,40
2010-10-08,Blair Oaks,40,Eldon,0
2010-10-08,Pleasant Hill,14,Excelsior Springs,7
2010-10-08,Marionville,7,Fair Grove,14
2010-10-08,Cole Camp,47,Fayette,8
2010-10-08,North County,0,Festus,16
2010-10-08,Rock Bridge,21,Francis Howell,28
2010-10-08,Vianney,22,Francis Howell Central,49
2010-10-08,Mexico,46,Fulton,20
2010-10-08,Hickman,60,Gateway,21
2010-10-08,Ozark,27,Glendale,31
2010-10-08,Sarcoxie,22,Greenfield,32
2010-10-08,Oak Grove,7,Harrisonville,26
2010-10-08,Hannibal,42,Helias Catholic,35
2010-10-08,South Shelby,63,Highland,8
2010-10-08,Pacific,32,Hillsboro,25
2010-10-08,Carrollton,28,Holden,20
2010-10-08,Ft. Zumwalt South,0,Holt,48
2010-10-08,Farmington,61,Jackson,19
2010-10-08,Lutheran South,15,John Burroughs,50
2010-10-08,Cardinal Ritter,60,John F. Kennedy,7
2010-10-08,Sikeston,56,Kennett,9
2010-10-08,Gallatin,6,King City with Pattonsburg,16
2010-10-08,Marshall,14,Kirksville,6
2010-10-08,University City,0,Kirkwood,27
2010-10-08,California,6,Knob Noster,7
2010-10-08,Trenton,6,Lafayette County,50
2010-10-08,Parkview,21,Lebanon,49
2010-10-08,Blue Springs South,47,Lee's Summit,34
2010-10-08,Blue Springs,19,Lee's Summit North,0
2010-10-08,Park Hill,14,Lee's Summit West,38
2010-10-08,Richmond,35,Lexington,21
2010-10-08,Miller,54,Liberal with Bronaugh,13
2010-10-08,Central (St. Joseph),14,Liberty,27
2010-10-08,Ava,13,Liberty (Mountain View),20
2010-10-08,Northwest (Cedar Hill),7,Lindbergh,42
2010-10-08,Bolivar,45,Logan-Rogersville,6
2010-10-08,Orchard Farm,33,Lutheran St. Charles,14
2010-10-08,Fredericktown,20,Maplewood-Richmond Hts.,42
2010-10-08,Westran,29,Marceline,6
2010-10-08,Clark County,38,Mark Twain,8
2010-10-08,Fox,13,Marquette,35
2010-10-08,Savannah,41,Maryville,6
2010-10-08,Nevada,14,McDonald County,41
2010-10-08,Lathrop,6,Mid-Buchanan,37
2010-10-08,Archie,14,Midway,38
2010-10-08,Knox County,20,Milan,30
2010-10-08,Boonville,13,Moberly,7
2010-10-08,Mt. Vernon,41,Monett,9
2010-10-08,Clopton with Elsberry,22,Montgomery County,42
2010-10-08,Willow Springs,47,Mountain Grove,48
2010-10-08,Kickapoo,29,Nixa,28
2010-10-08,Truman,7,North Kansas City,27
2010-10-08,Lawson,43,North Platte,0
2010-10-08,Winnetonka,21,Oak Park,10
2010-10-08,Lafayette (Wildwood),39,Oakville,24
2010-10-08,Santa Fe,42,Orrick,26
2010-10-08,Warsaw,8,Osage,56
2010-10-08,Adrian,14,Osceola,21
2010-10-08,Union,42,Owensville,7
2010-10-08,Macon,55,Palmyra,7
2010-10-08,Salisbury,20,Paris,7
2010-10-08,Staley,19,Park Hill South,10
2010-10-08,Rockwood Summit,14,Parkway Central,47
2010-10-08,Parkway West,21,Parkway North,53
2010-10-08,Mehlville,21,Parkway South,35
2010-10-08,University Academy Charter,28,Pembroke Hill,30
2010-10-08,Ste. Genevieve,27,Perryville,7
2010-10-08,Lockwood with Golden City,0,Pierce City,47
2010-10-08,Grandview,7,Platte County,35
2010-10-08,West Platte,44,Plattsburg,7
2010-10-08,Ash Grove,41,Pleasant Hope,0
2010-10-08,Maysville,20,Polo,24
2010-10-08,Central (Cape Girardeau),52,Poplar Bluff,6
2010-10-08,Central (Park Hills),20,Potosi,21
2010-10-08,South Harrison,28,Princeton with Mercer,48
2010-10-08,Schuyler County,21,Putnam County,46
2010-10-08,Liberty North,0,Raytown,45
2010-10-08,Marshfield,46,Reeds Spring,7
2010-10-08,Carthage,49,Republic,7
2010-10-08,Sacred Heart,14,Rich Hill with Hume,40
2010-10-08,Jefferson City,10,Rockhurst,34
2010-10-08,Hillcrest,17,Rolla,38
2010-10-08,Raymore-Peculiar,46,Ruskin,8
2010-10-08,Cabool,0,Salem,48
2010-10-08,North Shelby,53,Scotland County,13
2010-10-08,Hayti,52,Scott City,14
2010-10-08,Aurora,7,Seneca,27
2010-10-08,St. Mary's (Independence),26,Sherwood,42
2010-10-08,Braymer,26,Slater,0
2010-10-08,Eureka,27,SLUH,24
2010-10-08,Kearney,51,Smith-Cotton,6
2010-10-08,Benton,27,Smithville,0
2010-10-08,Tipton,28,South Callaway,0
2010-10-08,Confluence Prep Academy Charter,6,St. Charles,40
2010-10-08,Hermann,0,St. Clair,51
2010-10-08,Bishop DuBourg,10,St. Dominic,38
2010-10-08,Southern Boone,24,St. Francis Borgia,21
2010-10-08,Sullivan,55,St. James,8
2010-10-08,Trinity Catholic,49,St. Mary's South Side,28
2010-10-08,Concordia,62,St. Paul Lutheran (Concordia),0
2010-10-08,Valle Catholic,58,St. Pius X (Festus),8
2010-10-08,Warrensburg,19,St. Pius X (Kansas City),15
2010-10-08,Hollister,21,Stockton,39
2010-10-08,Skyline,6,Strafford,37
2010-10-08,Wellington-Napoleon,43,Sweet Springs with Malta Bend,8
2010-10-08,Houston,7,Thayer,64
2010-10-08,Ft. Zumwalt West,55,Timberland,21
2010-10-08,Francis Howell North,46,Troy Buchanan,29
2010-10-08,Bowling Green,61,Van-Far with Community,0
2010-10-08,Lift for Life Academy Charter,0,Veritas Christian Academy,41
2010-10-08,Clinton,6,Versailles,27
2010-10-08,Washington,35,Warrenton,34
2010-10-08,West Plains,22,Waynesville,42
2010-10-08,Seckman,6,Webster Groves,42
2010-10-08,Central (Springfield),20,Willard,28
2010-10-08,Fort Osage,35,William Chrisman,14
2010-10-08,Wentworth Military Academy,20,Windsor,41
2010-10-08,DeSoto with Kingston,27,Windsor (Imperial),13
2010-10-08,Hallsville,52,Winfield,24
2010-10-09,Cleveland NJROTC,0,Carnahan,26
2010-10-09,Ft. Zumwalt East,54,Ft. Zumwalt North,0
2010-10-09,Odessa,28,Grain Valley,67
2010-10-09,Crystal City,35,Grandview (Hillsboro),7
2010-10-09,McCluer,12,Hazelwood Central,48
2010-10-09,Pattonville,33,Hazelwood West,0
2010-10-09,Renaissance Academy Charter,2,Hogan Prep Academy Charter,31
2010-10-09,Lutheran South,15,John Burroughs,50
2010-10-09,Duchesne,7,Ladue Horton Watkins,37
2010-10-09,MICDS,21,Lutheran North,19
2010-10-09,Riverview Gardens,24,McCluer North,56
2010-10-09,McCluer South-Berkeley,6,Normandy Collaborative,32
2010-10-09,Principia,0,Priory,40
2010-10-09,Hazelwood East,48,Ritenour,6
2010-10-09,Transportation and Law with Beaumont,30,Soldan International Studies,0
2010-10-14,Bishop DuBourg,24,Affton,50
2010-10-14,Lebanon,42,Central (Springfield),9
2010-10-14,Northeast (Kansas City),0,Lincoln College Prep,54
2010-10-15,Sherwood,0,Adrian,34
2010-10-15,Maysville,39,Albany,0
2010-10-15,Archie,58,Appleton City with Montrose,18
2010-10-15,Fair Grove,35,Ash Grove,14
2010-10-15,Ruskin,35,Belton,6
2010-10-15,Platte County,38,Benton,0
2010-10-15,Trenton,35,Bishop LeBlond,20
2010-10-15,South Callaway,7,Blair Oaks,6
2010-10-15,Blue Springs,42,Blue Springs South,35
2010-10-15,Marshall,0,Bolivar,47
2010-10-15,California,16,Boonville,49
2010-10-15,Parkview,26,Branson,49
2010-10-15,Gallatin,6,Braymer,13
2010-10-15,Centralia,50,Brookfield,45
2010-10-15,Ava,38,Buffalo,14
2010-10-15,Cole Camp,13,Butler,26
2010-10-15,Smith-Cotton,10,Camdenton,35
2010-10-15,St. Pius X (Kansas City),32,Cameron,21
2010-10-15,Webb City,21,Carthage,13
2010-10-15,Malden,40,Caruthersville,42
2010-10-15,Monett,7,Cassville,35
2010-10-15,Grain Valley,13,Center,28
2010-10-15,Fredericktown,57,Central (New Madrid County),36
2010-10-15,John F. Kennedy,7,Central (Park Hills),35
2010-10-15,East Prairie,55,Charleston,15
2010-10-15,Maryville,35,Chillicothe,21
2010-10-15,Palmyra,0,Clark County,52
2010-10-15,Valle Catholic,60,Cleveland NJROTC,0
2010-10-15,Lutheran St. Charles,21,Clopton with Elsberry,26
2010-10-15,St. Pius X (Festus),14,Crystal City,34
2010-10-15,Lindbergh,21,De Smet Jesuit,33
2010-10-15,North County,14,DeSoto with Kingston,26
2010-10-15,Kennett,12,Dexter,53
2010-10-15,University Academy Charter,46,Drexel with Miami (Amoret),10
2010-10-15,Renaissance Academy Charter,45,East (Kansas City),0
2010-10-15,North Platte,21,East Buchanan,69
2010-10-15,Stockton,39,El Dorado Springs,13
2010-10-15,Versailles,46,Eldon,3
2010-10-15,Central (Cape Girardeau),40,Farmington,28
2010-10-15,Winnetonka,14,Fort Osage,42
2010-10-15,Francis Howell,41,Francis Howell Central,0
2010-10-15,Pattonville,28,Francis Howell North,6
2010-10-15,Timberland,42,Ft. Zumwalt South,7
2010-10-15,Willard,0,Glendale,24
2010-10-15,Harrisonville,34,Grandview,26
2010-10-15,Kirksville,6,Hannibal,51
2010-10-15,Thayer,26,Hayti,8
2010-10-15,Scott City,12,Herculaneum,40
2010-10-15,Ft. Zumwalt West,36,Hickman,35
2010-10-15,Potosi,21,Hillsboro,20
2010-10-15,Clinton,35,Holden,54
2010-10-15,Strafford,49,Hollister,27
2010-10-15,Ft. Zumwalt East,28,Holt,21
2010-10-15,Poplar Bluff,21,Jackson,36
2010-10-15,Greenfield,48,Jasper,6
2010-10-15,Troy Buchanan,0,Jefferson City,62
2010-10-15,Smithville,14,Kearney,56
2010-10-15,Vianney,6,Kirkwood,36
2010-10-15,Savannah,31,Lafayette (St. Joseph),21
2010-10-15,Parkway South,19,Lafayette (Wildwood),35
2010-10-15,Knob Noster,0,Lafayette County,55
2010-10-15,Lexington,28,Lawson,0
2010-10-15,Joplin,16,Lee's Summit North,31
2010-10-15,Lee's Summit,21,Lee's Summit West,45
2010-10-15,Cuba,22,Liberty (Mountain View),54
2010-10-15,Excelsior Springs,34,Liberty North,28
2010-10-15,Liberal with Bronaugh,21,Lockwood with Golden City,40
2010-10-15,Mountain Grove,7,Logan-Rogersville,28
2010-10-15,South Shelby,56,Louisiana,20
2010-10-15,Ste. Genevieve,38,Lutheran South,35
2010-10-15,Hallsville,0,Macon,63
2010-10-15,Carnahan,6,Maplewood-Richmond Hts.,70
2010-10-15,Skyline,21,Marionville,24
2010-10-15,Christian Brothers College,41,Marquette,38
2010-10-15,Republic,19,Marshfield,21
2010-10-15,Lamar,56,McAuley Catholic,19
2010-10-15,Carl Junction,20,McDonald County,28
2010-10-15,Moberly,17,Mexico,14
2010-10-15,Lone Jack,6,Midway,41
2010-10-15,Princeton with Mercer,50,Milan,14
2010-10-15,Pierce City,6,Miller,41
2010-10-15,Southern Boone,92,Missouri Military Academy,28
2010-10-15,Highland,16,Monroe City,40
2010-10-15,Hermann,40,Montgomery County,22
2010-10-15,Kickapoo,21,Neosho,43
2010-10-15,Pleasant Hill,28,Nevada,6
2010-10-15,Fulton,14,North Callaway,42
2010-10-15,Park Hill South,34,North Kansas City,7
2010-10-15,Schuyler County,26,North Shelby,8
2010-10-15,Eureka,37,Northwest (Cedar Hill),0
2010-10-15,Van Horn,7,Oak Grove,46
2010-10-15,Central (St. Joseph),42,Oak Park,7
2010-10-15,Fox,19,Oakville,21
2010-10-15,St. James,14,Osage,49
2010-10-15,Rich Hill with Hume,0,Osceola,53
2010-10-15,Salem,17,Owensville,28
2010-10-15,Nixa,31,Ozark,0
2010-10-15,Staley,24,Park Hill,27
2010-10-15,Parkway North,35,Parkway Central,14
2010-10-15,O'Hara,48,Pembroke Hill,28
2010-10-15,Plattsburg,6,Penney,60
2010-10-15,South Harrison,7,Polo,0
2010-10-15,Cabool,18,Portageville,12
2010-10-15,Marceline,28,Putnam County,21
2010-10-15,Raytown South,14,Raytown,0
2010-10-15,Aurora,26,Reeds Spring,19
2010-10-15,Odessa,13,Richmond,64
2010-10-15,Hazelwood West,13,Ritenour,20
2010-10-15,Liberty,21,Rock Bridge,24
2010-10-15,Raymore-Peculiar,6,Rockhurst,14
2010-10-15,Seckman,21,Rockwood Summit,44
2010-10-15,Windsor,58,Sacred Heart,15
2010-10-15,Fayette,8,Salisbury,55
2010-10-15,Crest Ridge,22,Santa Fe,41
2010-10-15,Diamond,14,Sarcoxie,27
2010-10-15,Knox County,19,Scotland County,20
2010-10-15,East Newton,6,Seneca,56
2010-10-15,Perryville,7,Sikeston,54
2010-10-15,Westran,49,Slater,0
2010-10-15,Mehlville,7,SLUH,42
2010-10-15,Mt. Vernon,13,Springfield Catholic,40
2010-10-15,Duchesne,39,St. Charles,13
2010-10-15,Pacific,6,St. Clair,14
2010-10-15,St. Charles West,14,St. Francis Borgia,17
2010-10-15,Wentworth Military Academy,0,St. Mary's (Independence),42
2010-10-15,Carrollton,54,St. Paul Lutheran (Concordia),14
2010-10-15,Chaffee,40,St. Vincent,10
2010-10-15,Concordia,69,Sweet Springs with Malta Bend,6
2010-10-15,Lift for Life Academy Charter,0,Transportation and Law with Beaumont,40
2010-10-15,Sullivan,7,Union,35
2010-10-15,Paris,58,Van-Far with Community,18
2010-10-15,Helias Catholic,39,Warrensburg,19
2010-10-15,St. Dominic,28,Warrenton,49
2010-10-15,Pleasant Hope,21,Warsaw,49
2010-10-15,Parkway West,35,Washington,21
2010-10-15,Rolla,21,Waynesville,23
2010-10-15,Chaminade College Preparatory,7,Webster Groves,39
2010-10-15,Orrick,22,Wellington-Napoleon,28
2010-10-15,Hillcrest,45,West Plains,0
2010-10-15,Mid-Buchanan,14,West Platte,28
2010-10-15,Truman,35,William Chrisman,36
2010-10-15,Houston,0,Willow Springs,40
2010-10-15,Festus,7,Windsor (Imperial),23
2010-10-15,Bowling Green,62,Winfield,6
2010-10-16,Lathrop,2,Hogan Prep Academy Charter,58
2010-10-16,Westminster Christian Academy,19,Jennings,15
2010-10-16,Confluence Prep Academy Charter,6,John Burroughs,53
2010-10-16,MICDS,14,Ladue Horton Watkins,49
2010-10-16,Trinity Catholic,13,Lutheran North,44
2010-10-16,Hazelwood East,51,McCluer,33
2010-10-16,Hazelwood Central,28,McCluer North,21
2010-10-16,Cardinal Ritter,13,McCluer South-Berkeley,14
2010-10-16,Gateway,14,Miller Career Academy,28
2010-10-16,Wright City,40,Orchard Farm,21
2010-10-16,Grandview (Hillsboro),0,Principia,34
2010-10-16,Normandy Collaborative,14,Riverview Gardens,39
2010-10-16,St. Mary's South Side,21,Roosevelt,45
2010-10-16,Vashon,46,Soldan International Studies,6
2010-10-16,Lift for Life Academy Charter,0,Transportation and Law with Beaumont,40
2010-10-16,Clayton,21,University City,14
2010-10-16,Mark Twain,46,Veritas Christian Academy,7
2010-10-21,Sikeston,21,Central (Cape Girardeau),0
2010-10-22,Cole Camp,14,Adrian,21
2010-10-22,Windsor (Imperial),28,Affton,34
2010-10-22,Osceola,28,Archie,14
2010-10-22,Springfield Catholic,42,Aurora,7
2010-10-22,Logan-Rogersville,19,Ava,14
2010-10-22,Plattsburg,13,Bishop LeBlond,27
2010-10-22,Liberty,13,Blue Springs,51
2010-10-22,Rock Bridge,27,Blue Springs South,51
2010-10-22,Warrensburg,13,Bolivar,44
2010-10-22,Eldon,0,Boonville,49
2010-10-22,Wright City,6,Bowling Green,42
2010-10-22,Hayti,28,Cabool,0
2010-10-22,Chillicothe,45,Cameron,0
2010-10-22,Carthage,42,Carl Junction,7
2010-10-22,Lafayette County,12,Carrollton,8
2010-10-22,Pembroke Hill,50,Central (Kansas City),0
2010-10-22,Hallsville,7,Centralia,40
2010-10-22,Cleveland NJROTC,18,Chaffee,41
2010-10-22,Parkway North,24,Chaminade College Preparatory,26
2010-10-22,Monroe City,20,Clark County,43
2010-10-22,Ladue Horton Watkins,54,Clayton,14
2010-10-22,Nevada,13,Clinton,36
2010-10-22,Santa Fe,0,Concordia,68
2010-10-22,Sweet Springs with Malta Bend,6,Crest Ridge,32
2010-10-22,Willow Springs,10,Cuba,12
2010-10-22,Central (New Madrid County),20,Dexter,35
2010-10-22,McAuley Catholic,7,Diamond,14
2010-10-22,Midway,20,Drexel with Miami (Amoret),37
2010-10-22,Mid-Buchanan,18,East Buchanan,54
2010-10-22,Cassville,49,East Newton,7
2010-10-22,Caruthersville,47,East Prairie,7
2010-10-22,Kearney,44,Excelsior Springs,6
2010-10-22,Slater,42,Fayette,27
2010-10-22,Bishop DuBourg,6,Festus,56
2010-10-22,North Kansas City,14,Fort Osage,30
2010-10-22,Eureka,44,Fox,0
2010-10-22,Francis Howell North,7,Francis Howell,42
2010-10-22,Timberland,36,Ft. Zumwalt East,52
2010-10-22,Holt,44,Ft. Zumwalt North,7
2010-10-22,Jefferson City,49,Ft. Zumwalt West,56
2010-10-22,Polo,43,Gallatin,6
2010-10-22,Roosevelt,28,Gateway,63
2010-10-22,Grandview,48,Grain Valley,21
2010-10-22,Brentwood,17,Grandview (Hillsboro),14
2010-10-22,Lockwood with Golden City,6,Greenfield,27
2010-10-22,Center,7,Harrisonville,21
2010-10-22,Blair Oaks,46,Hermann,6
2010-10-22,Troy Buchanan,21,Hickman,49
2010-10-22,Marshfield,13,Hillcrest,18
2010-10-22,Fair Grove,6,Hollister,19
2010-10-22,Liberty (Mountain View),62,Houston,0
2010-10-22,Liberal with Bronaugh,39,Jasper,0
2010-10-22,Raymore-Peculiar,42,Joplin,28
2010-10-22,Fredericktown,44,Kennett,14
2010-10-22,Branson,31,Kickapoo,29
2010-10-22,Albany,17,King City with Pattonsburg,20
2010-10-22,Washington,12,Kirkwood,41
2010-10-22,St. Paul Lutheran (Concordia),6,Knob Noster,24
2010-10-22,North Shelby,20,Knox County,52
2010-10-22,Marquette,35,Lafayette (Wildwood),24
2010-10-22,Sarcoxie,0,Lamar,52
2010-10-22,Lexington,40,Lathrop,6
2010-10-22,Glendale,14,Lebanon,48
2010-10-22,Belton,13,Lee's Summit,41
2010-10-22,Rockhurst,35,Lee's Summit North,7
2010-10-22,Smithville,40,Liberty North,0
2010-10-22,Carnahan,8,Lift for Life Academy Charter,18
2010-10-22,Central (Park Hills),42,Lutheran South,28
2010-10-22,Brookfield,14,Macon,49
2010-10-22,Charleston,21,Malden,48
2010-10-22,Milan,12,Marceline,43
2010-10-22,Lutheran St. Charles,13,Mark Twain,52
2010-10-22,Helias Catholic,51,Marshall,6
2010-10-22,St. Pius X (Kansas City),0,Maryville,35
2010-10-22,Lindbergh,35,Mehlville,0
2010-10-22,Hannibal,45,Mexico,0
2010-10-22,Kirksville,21,Moberly,35
2010-10-22,Seneca,36,Monett,21
2010-10-22,Buffalo,6,Mountain Grove,43
2010-10-22,Reeds Spring,0,Mt. Vernon,53
2010-10-22,Willard,7,Nixa,42
2010-10-22,Missouri Military Academy,0,North Callaway,55
2010-10-22,Hillsboro,20,North County,13
2010-10-22,West Platte,41,North Platte,14
2010-10-22,East (Kansas City),20,Northeast (Kansas City),0
2010-10-22,Oakville,13,Northwest (Cedar Hill),14
2010-10-22,Richmond,46,Oak Grove,13
2010-10-22,Van Horn,12,Odessa,50
2010-10-22,Winfield,0,Orchard Farm,48
2010-10-22,Owensville,19,Osage,14
2010-10-22,Neosho,26,Ozark,13
2010-10-22,Union,49,Pacific,7
2010-10-22,Highland,18,Palmyra,28
2010-10-22,Louisiana,20,Paris,45
2010-10-22,Oak Park,14,Park Hill,27
2010-10-22,Central (Springfield),20,Parkview,48
2010-10-22,Christian Brothers College,28,Parkway South,21
2010-10-22,Francis Howell Central,7,Pattonville,37
2010-10-22,Farmington,43,Perryville,7
2010-10-22,Marionville,7,Pierce City,14
2010-10-22,Lafayette (St. Joseph),12,Platte County,28
2010-10-22,Holden,22,Pleasant Hill,13
2010-10-22,Stockton,40,Pleasant Hope,12
2010-10-22,DeSoto with Kingston,41,Potosi,20
2010-10-22,Princeton with Mercer,34,Putnam County,14
2010-10-22,William Chrisman,8,Raytown South,27
2010-10-22,Lincoln College Prep,12,Renaissance Academy Charter,27
2010-10-22,West Plains,21,Republic,7
2010-10-22,Appleton City with Montrose,39,Rich Hill with Hume,16
2010-10-22,Poplar Bluff,6,Rockwood Summit,40
2010-10-22,Camdenton,35,Rolla,14
2010-10-22,Lee's Summit West,47,Ruskin,12
2010-10-22,Benton,12,Savannah,28
2010-10-22,Scotland County,26,Schuyler County,57
2010-10-22,Crystal City,49,Scott City,21
2010-10-22,Jackson,35,Seckman,58
2010-10-22,Butler,28,Sherwood,0
2010-10-22,Miller,62,Skyline,7
2010-10-22,De Smet Jesuit,41,SLUH,26
2010-10-22,Waynesville,48,Smith-Cotton,27
2010-10-22,Montgomery County,15,South Callaway,40
2010-10-22,Braymer,7,South Harrison,17
2010-10-22,Van-Far with Community,6,South Shelby,69
2010-10-22,Fulton,33,Southern Boone,50
2010-10-22,Westminster Christian Academy,7,St. Charles,14
2010-10-22,St. Charles West,7,St. Dominic,41
2010-10-22,Salem,35,St. James,13
2010-10-22,Miller Career Academy,34,St. Mary's South Side,41
2010-10-22,Herculaneum,54,St. Pius X (Festus),32
2010-10-22,Central (St. Joseph),0,Staley,37
2010-10-22,John F. Kennedy,12,Ste. Genevieve,41
2010-10-22,Ash Grove,14,Strafford,68
2010-10-22,St. Clair,23,Sullivan,6
2010-10-22,Portageville,0,Thayer,55
2010-10-22,Windsor,6,Tipton,48
2010-10-22,Penney,42,Trenton,7
2010-10-22,McCluer South-Berkeley,28,Trinity Catholic,30
2010-10-22,Raytown,41,Truman,7
2010-10-22,Lone Jack,17,University Academy Charter,40
2010-10-22,St. Vincent,8,Valle Catholic,57
2010-10-22,California,27,Versailles,26
2010-10-22,Parkway West,55,Vianney,45
2010-10-22,St. Francis Borgia,3,Warrenton,37
2010-10-22,El Dorado Springs,15,Warsaw,51
2010-10-22,McDonald County,7,Webb City,55
2010-10-22,Parkway Central,35,Webster Groves,58
2010-10-22,Wellington-Napoleon,51,Wentworth Military Academy,19
2010-10-22,Salisbury,0,Westran,35
2010-10-22,Park Hill South,22,Winnetonka,8
2010-10-23,Ritenour,15,Hazelwood Central,50
2010-10-23,Riverview Gardens,6,Hazelwood East,56
2010-10-23,McCluer North,39,Hazelwood West,8
2010-10-23,Lawson,28,Hogan Prep Academy Charter,19
2010-10-23,Duchesne,0,Jennings,7
2010-10-23,Carnahan,8,Lift for Life Academy Charter,18
2010-10-23,Cardinal Ritter,21,Lutheran North,8
2010-10-23,University City,26,MICDS,54
2010-10-23,McCluer,21,Normandy Collaborative,40
2010-10-23,Winfield,0,Orchard Farm,48
2010-10-23,Confluence Prep Academy Charter,0,Priory,35
2010-10-23,Orrick,30,St. Mary's (Independence),14
2010-10-23,Vashon,20,Sumner,6
2010-10-23,Maplewood-Richmond Hts.,38,Transportation and Law with Beaumont,7
2010-10-23,Lone Jack,17,University Academy Charter,40
2010-10-23,Clopton with Elsberry,22,Veritas Christian Academy,16
2010-10-27,University City,22,Ladue Horton Watkins,35
2010-10-28,Festus,32,Affton,0
2010-10-28,Osceola,54,Appleton City with Montrose,18
2010-10-28,Hollister,40,Ash Grove,21
2010-10-28,Lee's Summit West,56,Belton,21
2010-10-28,Montgomery County,28,Blair Oaks,69
2010-10-28,Polo,28,Braymer,0
2010-10-28,Logan-Rogersville,46,Buffalo,6
2010-10-28,Adrian,40,Butler,20
2010-10-28,Thayer,57,Cabool,7
2010-10-28,Maryville,14,Cameron,0
2010-10-28,Webb City,55,Carl Junction,0
2010-10-28,Knob Noster,6,Carrollton,46
2010-10-28,McDonald County,0,Carthage,49
2010-10-28,Charleston,0,Caruthersville,45
2010-10-28,Kennett,40,Central (New Madrid County),63
2010-10-28,Ste. Genevieve,20,Central (Park Hills),41
2010-10-28,Neosho,35,Central (Springfield),26
2010-10-28,Macon,23,Centralia,26
2010-10-28,St. Pius X (Kansas City),42,Chillicothe,12
2010-10-28,MICDS,22,Clayton,25
2010-10-28,Sherwood,8,Cole Camp,48
2010-10-28,Crest Ridge,0,Concordia,64
2010-10-28,Herculaneum,28,Crystal City,21
2010-10-28,Hillsboro,13,DeSoto with Kingston,41
2010-10-28,Lamar,58,Diamond,0
2010-10-28,Monett,42,East Newton,7
2010-10-28,Strafford,22,Fair Grove,41
2010-10-28,Sikeston,41,Farmington,27
2010-10-28,Dexter,30,Fredericktown,22
2010-10-28,South Harrison,41,Gallatin,6
2010-10-28,St. Mary's South Side,0,Gateway,45
2010-10-28,Parkview,15,Glendale,14
2010-10-28,Harrisonville,42,Grain Valley,6
2010-10-28,Brookfield,40,Hallsville,0
2010-10-28,Portageville,0,Hayti,48
2010-10-28,Bolivar,13,Helias Catholic,27
2010-10-28,South Callaway,37,Hermann,28
2010-10-28,Clark County,47,Highland,8
2010-10-28,Rockwood Summit,48,Jackson,24
2010-10-28,Liberty North,0,Kearney,56
2010-10-28,Ozark,21,Kickapoo,14
2010-10-28,Maysville,12,King City with Pattonsburg,26
2010-10-28,Benton,19,Lafayette (St. Joseph),34
2010-10-28,St. Paul Lutheran (Concordia),6,Lafayette County,46
2010-10-28,Lathrop,8,Lawson,35
2010-10-28,Ruskin,30,Lee's Summit,54
2010-10-28,Hogan Prep Academy Charter,20,Lexington,55
2010-10-28,Greenfield,34,Liberal with Bronaugh,14
2010-10-28,Willow Springs,14,Liberty (Mountain View),69
2010-10-28,East (Kansas City),6,Lincoln College Prep,36
2010-10-28,Jasper,6,Lockwood with Golden City,63
2010-10-28,East Prairie,0,Malden,27
2010-10-28,Lift for Life Academy Charter,32,Maplewood-Richmond Hts.,80
2010-10-28,Miller,69,Marionville,18
2010-10-28,West Plains,29,Marshfield,21
2010-10-28,North Platte,17,Mid-Buchanan,30
2010-10-28,University Academy Charter,24,Midway,18
2010-10-28,Palmyra,20,Monroe City,22
2010-10-28,Aurora,14,Mt. Vernon,15
2010-10-28,Holden,54,Nevada,12
2010-10-28,Branson,41,Nixa,35
2010-10-28,Potosi,56,North County,42
2010-10-28,Scotland County,62,North Shelby,12
2010-10-28,Renaissance Academy Charter,46,Northeast (Kansas City),6
2010-10-28,Oak Grove,28,Odessa,42
2010-10-28,Central (Kansas City),8,O'Hara,50
2010-10-28,Wentworth Military Academy,0,Orrick,44
2010-10-28,St. James,21,Owensville,40
2010-10-28,South Shelby,54,Paris,16
2010-10-28,Bishop LeBlond,7,Penney,50
2010-10-28,Central (Cape Girardeau),52,Perryville,13
2010-10-28,Trenton,40,Plattsburg,21
2010-10-28,Clinton,21,Pleasant Hill,41
2010-10-28,El Dorado Springs,12,Pleasant Hope,0
2010-10-28,Seckman,42,Poplar Bluff,14
2010-10-28,William Chrisman,30,Raytown,40
2010-10-28,Hillcrest,49,Republic,14
2010-10-28,Archie,57,Rich Hill with Hume,0
2010-10-28,Tipton,45,Sacred Heart,0
2010-10-28,Osage,33,Salem,10
2010-10-28,McAuley Catholic,14,Sarcoxie,33
2010-10-28,Platte County,45,Savannah,28
2010-10-28,St. Pius X (Festus),0,Scott City,38
2010-10-28,Cassville,35,Seneca,21
2010-10-28,Pierce City,40,Skyline,0
2010-10-28,North Callaway,13,Southern Boone,32
2010-10-28,Reeds Spring,7,Springfield Catholic,48
2010-10-28,Warrenton,40,St. Charles West,0
2010-10-28,St. Dominic,26,St. Francis Borgia,35
2010-10-28,Wellington-Napoleon,47,St. Mary's (Independence),0
2010-10-28,Oak Park,0,Staley,39
2010-10-28,Warsaw,35,Stockton,28
2010-10-28,Pacific,7,Sullivan,27
2010-10-28,Santa Fe,42,Sweet Springs with Malta Bend,20
2010-10-28,Raytown South,46,Truman,33
2010-10-28,St. Clair,14,Union,35
2010-10-28,Chaffee,10,Valle Catholic,49
2010-10-28,Richmond,61,Van Horn,22
2010-10-28,Boonville,27,Versailles,14
2010-10-28,Marshall,6,Warrensburg,39
2010-10-28,East Buchanan,20,West Platte,41
2010-10-28,Fayette,12,Westran,73
2010-10-28,Lebanon,50,Willard,6
2010-10-28,Bishop DuBourg,0,Windsor (Imperial),41
2010-10-28,Wright City,56,Winfield,14
2010-10-29,Mountain Grove,7,Ava,14
2010-10-29,Rock Bridge,23,Blue Springs,43
2010-10-29,Orchard Farm,14,Bowling Green,50
2010-10-29,Principia,0,Brentwood,31
2010-10-29,Eldon,0,California,34
2010-10-29,Waynesville,28,Camdenton,27
2010-10-29,Trinity Catholic,0,Cardinal Ritter,26
2010-10-29,Grandview,21,Center,22
2010-10-29,Park Hill,31,Central (St. Joseph),20
2010-10-29,Lafayette (Wildwood),20,Christian Brothers College,34
2010-10-29,Mark Twain,54,Clopton with Elsberry,14
2010-10-29,Houston,0,Cuba,42
2010-10-29,Mehlville,7,De Smet Jesuit,35
2010-10-29,Westminster Christian Academy,7,Duchesne,27
2010-10-29,Oakville,0,Eureka,47
2010-10-29,Northwest (Cedar Hill),20,Fox,28
2010-10-29,Francis Howell North,21,Francis Howell Central,28
2010-10-29,Ft. Zumwalt North,41,Ft. Zumwalt South,20
2010-10-29,Missouri Military Academy,0,Fulton,49
2010-10-29,Moberly,0,Hannibal,57
2010-10-29,Hickman,28,Jefferson City,35
2010-10-29,Lutheran South,48,John F. Kennedy,14
2010-10-29,Mexico,35,Kirksville,0
2010-10-29,Ruskin,30,Lee's Summit,54
2010-10-29,Blue Springs South,45,Liberty,25
2010-10-29,SLUH,14,Lindbergh,28
2010-10-29,Drexel with Miami (Amoret),48,Lone Jack,25
2010-10-29,Van-Far with Community,6,Louisiana,28
2010-10-29,Veritas Christian Academy,33,Lutheran St. Charles,30
2010-10-29,Parkway South,28,Marquette,54
2010-10-29,Putnam County,14,Milan,19
2010-10-29,Winnetonka,7,North Kansas City,38
2010-10-29,Fort Osage,14,Park Hill South,20
2010-10-29,Chaminade College Preparatory,26,Parkway Central,25
2010-10-29,Webster Groves,29,Parkway North,24
2010-10-29,Kirkwood,35,Parkway West,0
2010-10-29,Francis Howell,17,Pattonville,14
2010-10-29,Marceline,0,Princeton with Mercer,26
2010-10-29,Lee's Summit North,24,Raymore-Peculiar,28
2010-10-29,Joplin,0,Rockhurst,41
2010-10-29,Tipton,46,Sacred Heart,0
2010-10-29,Knox County,16,Schuyler County,29
2010-10-29,Salisbury,62,Slater,26
2010-10-29,Rolla,21,Smith-Cotton,14
2010-10-29,Excelsior Springs,0,Smithville,42
2010-10-29,Jennings,26,St. Charles,14
2010-10-29,Holt,29,Timberland,7
2010-10-29,Ft. Zumwalt West,42,Troy Buchanan,7
2010-10-29,Washington,14,Vianney,30
2010-10-30,Transportation and Law with Beaumont,46,Carnahan,6
2010-10-30,St. Vincent,15,Cleveland NJROTC,6
2010-10-30,Normandy Collaborative,34,Hazelwood East,60
2010-10-30,Hazelwood Central,41,Hazelwood West,0
2010-10-30,Priory,12,John Burroughs,28
2010-10-30,Ritenour,31,McCluer North,49
2010-10-30,Lutheran North,35,McCluer South-Berkeley,20
2010-10-30,McCluer,47,Riverview Gardens,42
2010-10-30,Miller Career Academy,26,Roosevelt,30
2010-10-30,Soldan International Studies,30,Sumner,28
2010-10-30,Ladue Horton Watkins,35,University City,22
2010-11-03,Chaffee,19,Thayer,47
2010-11-03,Hayti,6,Valle Catholic,47
2010-11-03,Lockwood with Golden City,6,Miller,68
2010-11-03,Pierce City,42,Greenfield,16
2010-11-03,Santa Fe,6,Tipton,45
2010-11-03,Windsor,6,Concordia,69
2010-11-03,Drexel with Miami (Amoret),39,Osceola,35
2010-11-03,Archie,35,University Academy Charter,28
2010-11-03,Scotland County,22,South Shelby,67
2010-11-03,Paris,14,Schuyler County,53
2010-11-03,Marceline,0,Westran,49
2010-11-03,Salisbury,7,Princeton with Mercer,12
2010-11-03,Polo,28,Wellington-Napoleon,42
2010-11-03,Orrick,8,South Harrison,14
2010-11-03,King City with Pattonsburg,6,West Platte,55
2010-11-03,Crystal City,6,Caruthersville,39
2010-11-03,Malden,18,Herculaneum,29
2010-11-03,Transportation and Law with Beaumont,25,Brentwood,7
2010-11-03,Principia,0,Maplewood-Richmond Hts.,53
2010-11-03,Hollister,0,Liberty (Mountain View),50
2010-11-03,Cuba,40,Strafford,18
2010-11-03,Stockton,0,Lamar,35
2010-11-03,Sarcoxie,14,Warsaw,50
2010-11-03,Clopton with Elsberry,21,South Callaway,41
2010-11-03,Blair Oaks,14,Mark Twain,20
2010-11-03,Monroe City,18,Centralia,54
2010-11-03,Macon,28,Clark County,7
2010-11-03,Carrollton,18,Adrian,6
2010-11-03,Butler,0,Lafayette County,40
2010-11-03,Trenton,0,Lexington,32
2010-11-03,Lawson,7,Penney,24
2010-11-03,Ste. Genevieve,28,Dexter,49
2010-11-03,Fredericktown,36,Central (Park Hills),39
2010-11-03,Lutheran North,7,John Burroughs,34
2010-11-03,Priory,10,Cardinal Ritter,18
2010-11-03,North Callaway,7,Bowling Green,27
2010-11-03,Wright City,44,Southern Boone,22
2010-11-03,California,19,Owensville,49
2010-11-03,Osage,21,Boonville,14
2010-11-03,Mt. Vernon,16,Logan-Rogersville,19
2010-11-03,Ava,0,Springfield Catholic,21
2010-11-03,Pleasant Hill,0,Cassville,35
2010-11-03,Seneca,14,Holden,28
2010-11-03,Lincoln College Prep,12,O'Hara,48
2010-11-03,Pembroke Hill,35,Renaissance Academy Charter,12
2010-11-03,St. Pius X (Kansas City),17,Richmond,36
2010-11-03,Odessa,6,Maryville,49
2010-11-03,Potosi,8,Sikeston,62
2010-11-03,Central (Cape Girardeau),61,DeSoto with Kingston,28
2010-11-03,Roosevelt,57,Windsor (Imperial),7
2010-11-03,Festus,6,Gateway,44
2010-11-03,Clayton,17,Vashon,14
2010-11-03,Soldan International Studies,12,Ladue Horton Watkins,42
2010-11-03,St. Francis Borgia,0,Jennings,38
2010-11-03,Duchesne,13,Warrenton,38
2010-11-03,West Plains,8,Union,48
2010-11-03,St. Clair,28,Hillcrest,49
2010-11-03,Bolivar,13,Webb City,48
2010-11-03,Carthage,13,Helias Catholic,34
2010-11-03,Center,14,Hannibal,41
2010-11-03,Moberly,0,Harrisonville,28
2010-11-03,Savannah,9,Kearney,17
2010-11-03,Smithville,29,Platte County,43
2010-11-03,Seckman,14,Webster Groves,50
2010-11-03,Holt,14,Kirkwood,19
2010-11-03,Camdenton,35,Parkway West,0
2010-11-03,Parkview,13,Lee's Summit West,41
2010-11-03,Lee's Summit,56,Nixa,31
2010-11-03,Raytown,16,Park Hill South,34
2010-11-03,Staley,22,Fort Osage,0
2010-11-05,Lindbergh,14,Eureka,6
2010-11-05,Fox,0,De Smet Jesuit,49
2010-11-05,McCluer North,30,Christian Brothers College,32
2010-11-05,Jefferson City,14,Francis Howell,28
2010-11-05,Pattonville,19,Ft. Zumwalt West,42
2010-11-05,Raymore-Peculiar,28,Blue Springs,49
2010-11-05,Blue Springs South,23,Rockhurst,31
2010-11-06,Marquette,0,Hazelwood Central,35
2010-11-08,Valle Catholic,56,Thayer,21
2010-11-08,Pierce City,8,Miller,35
2010-11-08,Concordia,28,Tipton,14
2010-11-08,Archie,21,Drexel with Miami (Amoret),14
2010-11-08,Schuyler County,6,South Shelby,42
2010-11-08,Princeton with Mercer,6,Westran,54
2010-11-08,South Harrison,35,Wellington-Napoleon,42
2010-11-08,East Buchanan,42,West Platte,41
2010-11-08,Herculaneum,21,Caruthersville,55
2010-11-08,Maplewood-Richmond Hts.,34,Transportation and Law with Beaumont,0
2010-11-08,Cuba,6,Liberty (Mountain View),49
2010-11-08,Warsaw,21,Lamar,42
2010-11-08,Mark Twain,28,South Callaway,6
2010-11-08,Macon,42,Centralia,16
2010-11-08,Lafayette County,46,Carrollton,52
2010-11-08,Penney,28,Lexington,7
2010-11-08,Central (Park Hills),20,Dexter,28
2010-11-08,Cardinal Ritter,19,John Burroughs,28
2010-11-08,Wright City,0,Bowling Green,52
2010-11-08,Osage,19,Owensville,41
2010-11-08,Springfield Catholic,21,Logan-Rogersville,28
2010-11-08,Holden,8,Cassville,38
2010-11-08,Pembroke Hill,25,O'Hara,48
2010-11-08,Maryville,14,Richmond,21
2010-11-08,Central (Cape Girardeau),0,Sikeston,40
2010-11-08,Gateway,20,Roosevelt,23
2010-11-08,Ladue Horton Watkins,35,Clayton,21
2010-11-08,Warrenton,22,Jennings,18
2010-11-08,Hillcrest,7,Union,35
2010-11-08,Helias Catholic,21,Webb City,35
2010-11-08,Harrisonville,21,Hannibal,13
2010-11-08,Platte County,20,Kearney,49
2010-11-08,Webster Groves,40,Rockwood Summit,10
2010-11-08,Chaminade College Preparatory,49,Hazelwood East,60
2010-11-08,Kirkwood,47,Ft. Zumwalt East,27
2010-11-08,Camdenton,28,Waynesville,25
2010-11-08,Lee's Summit West,31,Lebanon,0
2010-11-08,Lee's Summit,52,Branson,28
2010-11-08,Park Hill South,20,Raytown South,14
2010-11-08,Staley,28,Park Hill,6
2010-11-12,De Smet Jesuit,44,Lindbergh,12
2010-11-12,Ft. Zumwalt West,34,Francis Howell,28
2010-11-12,Rockhurst,7,Blue Springs,0
2010-11-13,Miller,26,Valle Catholic,56
2010-11-13,Archie,15,Concordia,56
2010-11-13,Westran,13,South Shelby,6
2010-11-13,East Buchanan,26,Wellington-Napoleon,54
2010-11-13,Maplewood-Richmond Hts.,27,Caruthersville,13
2010-11-13,Lamar,21,Liberty (Mountain View),20
2010-11-13,Macon,42,Mark Twain,12
2010-11-13,Penney,51,Carrollton,16
2010-11-13,John Burroughs,42,Dexter,6
2010-11-13,Owensville,7,Bowling Green,42
2010-11-13,Cassville,20,Logan-Rogersville,6
2010-11-13,Richmond,49,O'Hara,14
2010-11-13,Roosevelt,0,Sikeston,47
2010-11-13,Warrenton,35,Ladue Horton Watkins,7
2010-11-13,Webb City,42,Union,7
2010-11-13,Kearney,10,Harrisonville,14
2010-11-13,Hazelwood East,12,Webster Groves,40
2010-11-13,Camdenton,14,Kirkwood,19
2010-11-13,Lee's Summit,39,Lee's Summit West,42
2010-11-13,Staley,7,Park Hill South,3
2010-11-13,Hazelwood Central,9,Christian Brothers College,7
2010-11-19,Kirkwood,0,Webster Groves,28
2010-11-19,Staley,14,Lee's Summit West,17
2010-11-19,Rockhurst,42,Ft. Zumwalt West,6
2010-11-20,Concordia,13,Valle Catholic,44
2010-11-20,Wellington-Napoleon,0,Westran,26
2010-11-20,Lamar,19,Maplewood-Richmond Hts.,33
2010-11-20,Penney,47,Macon,28
2010-11-20,Bowling Green,14,John Burroughs,16
2010-11-20,Richmond,23,Cassville,21
2010-11-20,Warrenton,28,Sikeston,21
2010-11-20,Harrisonville,8,Webb City,35
2010-11-20,Hazelwood Central,20,De Smet Jesuit,14
2010-11-25,Kirkwood,12,Webster Groves,14
2010-11-26,Westran,21,Valle Catholic,22
2010-11-26,Richmond,21,John Burroughs,20
2010-11-26,Lee's Summit West,44,Webster Groves,21
2010-11-27,Penney,34,Maplewood-Richmond Hts.,13
2010-11-27,Webb City,56,Warrenton,7
2010-11-27,Rockhurst,10,Hazelwood Central,7
2012-08-24,Grandview (Hillsboro),14,Chaffee,36
2012-09-07,Chaffee,8,Hayti,32
2012-09-14,Chaffee,6,Portageville,21
2012-10-19,Grandview (Hillsboro),47,Crystal City,20
2012-08-24,Thayer,21,Hayti,6
2012-08-31,Hayti,14,Charleston,20
2012-09-14,Hayti,72,East Prairie,6
2012-09-21,Hayti,22,Portageville,35
2012-09-28,Hayti,26,Malden,40
2012-08-24,St. Pius X (Festus),14,Portageville,34
2012-08-31,Portageville,27,Kennett,7
2012-09-07,Portageville,22,Malden,13
2012-10-05,East Prairie,0,Portageville,48
2012-10-18,Portageville,0,Central (New Madrid County),46
2012-08-24,St. Vincent,45,Sumner,22
2012-10-12,St. Vincent,56,Grandview (Hillsboro),26
2012-09-07,Liberty (Mountain View),30,Thayer,0
2012-09-14,Thayer,6,Salem,21
2012-09-21,Houston,7,Thayer,50
2012-09-28,Thayer,36,Cabool,6
2012-10-05,Thayer,29,Ava,22
2012-10-12,Willow Springs,3,Thayer,7
2012-10-19,Thayer,14,Mountain Grove,34
2012-09-21,Valle Catholic,39,Grandview (Hillsboro),12
2012-08-24,Greenfield,20,Lockwood with Golden City,14
2012-09-28,Greenfield,8,Sarcoxie,46
2012-10-05,Diamond,20,Greenfield,7
2012-10-12,Greenfield,0,Miller,26
2012-09-14,Lockwood with Golden City,51,Jasper,34
2012-08-24,Marionville,10,Miller,53
2012-08-31,Pleasant Hope,30,Marionville,15
2012-09-07,Marionville,8,Strafford,44
2012-09-14,Ash Grove,46,Marionville,15
2012-09-28,Stockton,21,Marionville,44
2012-10-05,Marionville,6,Fair Grove,14
2012-10-12,Marionville,7,Skyline,38
2012-09-21,McAuley Catholic,28,Ash Grove,21
2012-10-05,McAuley Catholic,54,Lockwood with Golden City,30
2012-09-14,Diamond,6,Miller,39
2012-10-05,Osceola,20,Adrian,0
2012-09-28,Archie,12,Osceola,53
2012-08-24,Midway,20,Osceola,6
2012-08-31,Appleton City with Montrose,31,Osceola,36
2012-09-07,Lexington,26,Osceola,7
2012-09-14,Osceola,14,Drexel with Miami (Amoret),49
2012-09-21,Osceola,42,Rich Hill with Hume,14
2012-10-12,Osceola,21,Cole Camp,22
2012-10-19,Pleasant Hope,14,Osceola,38
2012-09-07,Skyline,67,Stockton,6
2012-09-28,Skyline,66,Ash Grove,7
2012-10-05,Strafford,41,Skyline,32
2012-09-08,Cole Camp,34,Sacred Heart,12
2012-09-28,Concordia,15,Wellington-Napoleon,42
2012-10-19,Concordia,7,Trenton,34
2012-08-24,East Buchanan,36,Crest Ridge,21
2012-09-14,Crest Ridge,51,Orrick,8
2012-09-21,Wellington-Napoleon,48,Crest Ridge,8
2012-08-24,Sacred Heart,8,Tipton,50
2012-09-15,Sacred Heart,46,St. Mary's (Independence),14
2012-09-21,Sacred Heart,34,Windsor,36
2012-09-28,Sacred Heart,25,University Academy Charter,14
2012-10-06,Sacred Heart,27,Derrick Thomas Academy,14
2012-10-20,Father Tolton with Calvary Lutheran,6,Sacred Heart,42
2012-09-07,Santa Fe,27,Wellington-Napoleon,42
2012-10-19,Santa Fe,6,Van Horn,49
2012-08-24,Knox County,0,Marceline,35
2012-08-31,Scotland County,8,Knox County,14
2012-09-07,Knox County,14,Fayette,6
2012-09-14,Paris,12,Knox County,45
2012-09-21,Milan,37,Knox County,18
2012-09-28,Knox County,60,Putnam County,30
2012-10-19,Knox County,60,North Shelby,8
2012-08-24,Louisiana,21,South Shelby,53
2012-09-28,Louisiana,15,Macon,45
2012-10-12,Centralia,49,Louisiana,0
2012-08-24,Westran,60,North Shelby,6
2012-08-31,Fayette,20,North Shelby,6
2012-09-07,North Shelby,13,Paris,34
2012-09-14,North Shelby,0,Salisbury,42
2012-09-21,North Shelby,0,Scotland County,6
2012-09-28,Schuyler County,47,North Shelby,6
2012-10-05,Putnam County,32,North Shelby,26
2012-10-12,North Shelby,6,Milan,70
2012-08-31,Marceline,6,Schuyler County,7
2012-09-21,Putnam County,0,Schuyler County,35
2012-10-05,Milan,34,Schuyler County,6
2012-10-19,Scotland County,0,Schuyler County,34
2012-09-28,Scotland County,14,Milan,50
2012-10-12,Putnam County,14,Scotland County,32
2012-08-31,South Shelby,14,Macon,0
2012-09-07,Palmyra,21,South Shelby,12
2012-09-14,South Shelby,8,Centralia,26
2012-09-21,Monroe City,14,South Shelby,26
2012-09-28,Brookfield,30,South Shelby,20
2012-10-05,South Shelby,32,Highland,0
2012-10-12,South Shelby,32,Clark County,41
2012-10-19,Mark Twain,8,South Shelby,48
2012-09-21,Albany,33,Braymer,22
2012-09-28,South Harrison,58,Braymer,0
2012-09-07,Marceline,0,Brookfield,20
2012-08-24,Princeton with Mercer,15,Milan,34
2012-08-31,Milan,54,Albany,0
2012-09-07,Milan,68,Slater,6
2012-10-19,Milan,51,Putnam County,12
2012-08-24,Albany,33,Putnam County,16
2012-08-31,Putnam County,8,Princeton with Mercer,30
2012-09-07,Trenton,56,Putnam County,18
2012-08-24,Wellington-Napoleon,48,Lone Jack,8
2012-08-24,Orrick,6,Mid-Buchanan,48
2012-09-07,North Platte,34,Mid-Buchanan,0
2012-09-21,East Buchanan,8,Mid-Buchanan,0
2012-09-28,Mid-Buchanan,20,Plattsburg,9
2012-10-05,Mid-Buchanan,0,West Platte,34
2012-10-19,Lathrop,56,Mid-Buchanan,0
2012-08-31,North Platte,35,Derrick Thomas Academy,6
2012-09-21,West Platte,42,North Platte,8
2012-09-28,North Platte,7,Lathrop,39
2012-10-05,East Buchanan,20,North Platte,22
2012-10-12,Wellington-Napoleon,60,Orrick,14
2012-08-31,West Platte,42,Wellington-Napoleon,34
2012-09-14,Wellington-Napoleon,44,Lexington,22
2012-10-05,Wellington-Napoleon,36,St. Paul Lutheran (Concordia),14
2012-10-19,Sweet Springs with Malta Bend,8,Wellington-Napoleon,52
2012-08-24,West Platte,28,Lincoln College Prep,0
2012-09-07,East Buchanan,32,West Platte,14
2012-09-14,Lathrop,41,West Platte,12
2012-09-28,Penney,47,West Platte,12
2012-10-12,West Platte,45,Plattsburg,0
2012-10-19,West Platte,12,Lawson,29
2012-09-07,Albany,20,King City with Pattonsburg,41
2012-09-28,Albany,14,Princeton with Mercer,54
2012-10-05,South Harrison,78,Albany,0
2012-10-19,Albany,0,Polo,56
2012-08-31,South Harrison,27,East Buchanan,0
2012-09-14,Plattsburg,41,East Buchanan,42
2012-10-12,Lathrop,62,East Buchanan,18
2012-09-14,Gallatin,40,Princeton with Mercer,20
2012-10-19,Princeton with Mercer,49,Maysville,15
2012-09-07,Penney,32,Lathrop,14
2012-08-24,Polo,14,Van Horn,28
2012-08-31,Lathrop,14,Polo,0
2012-09-14,Polo,13,South Harrison,21
2012-09-07,Princeton with Mercer,18,South Harrison,49
2012-08-24,Liberty (Mountain View),48,Caruthersville,12
2012-09-07,Charleston,12,Caruthersville,34
2012-09-21,Caruthersville,41,Central (New Madrid County),14
2012-10-05,Kennett,0,Caruthersville,36
2012-08-24,Sikeston,27,Charleston,14
2012-09-28,Kennett,28,Charleston,48
2012-08-31,East Prairie,12,Grandview (Hillsboro),44
2012-10-19,East Prairie,8,Kennett,42
2012-09-07,St. Pius X (Festus),6,Grandview (Hillsboro),12
2012-09-14,Missouri Military Academy,6,Grandview (Hillsboro),49
2012-09-28,Grandview (Hillsboro),6,Herculaneum,34
2012-10-05,Grandview (Hillsboro),24,Jefferson (Festus),53
2012-10-12,Kennett,22,Malden,67
2012-09-15,Cleveland NJROTC,6,Brentwood,53
2012-09-14,Central (Park Hills),7,Maplewood-Richmond Hts.,0
2012-09-28,Missouri Military Academy,16,Principia,48
2012-08-24,Cuba,12,St. James,40
2012-09-07,Houston,6,Cuba,0
2012-09-14,Springfield Catholic,41,Fair Grove,7
2012-10-12,Ash Grove,42,Fair Grove,21
2012-10-19,Hollister,0,Fair Grove,49
2012-08-24,Salem,35,Houston,6
2012-09-14,Houston,27,Cabool,12
2012-09-28,Ava,35,Houston,0
2012-10-05,Houston,0,Willow Springs,37
2012-10-12,Mountain Grove,68,Houston,26
2012-08-31,Springfield Catholic,16,Liberty (Mountain View),32
2012-09-14,Ava,27,Liberty (Mountain View),26
2012-09-28,Liberty (Mountain View),20,Mountain Grove,27
2012-10-05,Liberty (Mountain View),47,Cabool,6
2012-08-24,Mountain Grove,39,Logan-Rogersville,21
2012-09-07,Ava,12,Mountain Grove,36
2012-09-21,Cabool,19,Mountain Grove,44
2012-10-05,Mountain Grove,48,Salem,7
2012-10-19,Strafford,43,Ash Grove,14
2012-10-19,Ava,17,Willow Springs,28
2012-08-24,Ash Grove,41,Cabool,0
2012-09-08,St. Mary's (Independence),6,Butler,45
2012-09-14,Van Horn,34,Butler,43
2012-08-31,Lamar,6,Seneca,13
2012-10-05,Lamar,42,Monett,6
2012-10-18,Lamar,63,East Newton,0
2012-09-07,Sarcoxie,33,Lockwood with Golden City,20
2012-10-19,Central (Park Hills),60,Bowling Green,7
2012-09-14,Clark County,42,Macon,21
2012-10-05,Centralia,15,Clark County,20
2012-10-19,Clark County,18,Brookfield,0
2012-08-24,Highland,6,Centralia,33
2012-08-31,Brookfield,12,Highland,3
2012-09-21,Macon,49,Highland,3
2012-08-24,Mark Twain,12,Brookfield,34
2012-08-31,Monroe City,7,Mark Twain,26
2012-09-07,Centralia,21,Mark Twain,0
2012-10-05,Macon,21,Mark Twain,0
2012-09-07,Macon,21,Monroe City,3
2012-09-14,Brookfield,40,Monroe City,10
2012-09-28,Monroe City,14,Centralia,39
2012-08-24,Palmyra,22,Macon,24
2012-08-31,Centralia,18,Palmyra,12
2012-10-05,Palmyra,14,Brookfield,31
2012-09-14,Southern Boone,18,Blair Oaks,43
2012-10-19,Eldon,6,Blair Oaks,35
2012-09-07,St. James,20,Hermann,28
2012-09-21,Owensville,14,Hermann,33
2012-10-05,St. Clair,69,Hermann,24
2012-09-21,Lexington,3,Holden,40
2012-09-07,Knob Noster,6,O'Hara,13
2012-09-14,Knob Noster,13,Boonville,35
2012-09-28,Knob Noster,27,Lexington,14
2012-10-12,Knob Noster,12,Richmond,41
2012-09-07,Van Horn,28,Sherwood,19
2012-09-22,Van Horn,61,Southeast,12
2012-10-05,Southwest Early College,12,Southeast,8
2012-10-12,Southeast,0,Central (Kansas City),33
2012-10-20,Hogan Prep Academy Charter,60,Southeast,0
2012-08-24,St. Paul Lutheran (Concordia),57,Wentworth Military Academy,17
2012-08-24,Bishop LeBlond,46,St. Mary's (Independence),8
2012-09-21,Centralia,31,Brookfield,0
2012-10-12,Brookfield,7,Macon,12
2012-08-24,Carrollton,14,Trenton,18
2012-09-14,East (Kansas City),48,Carrollton,12
2012-10-05,Carrollton,12,Lexington,20
2012-09-21,Lathrop,26,Lawson,21
2012-10-05,Plattsburg,7,Lathrop,56
2012-08-24,Oak Grove,50,Lexington,6
2012-08-31,Trenton,14,Lexington,21
2012-10-12,Lexington,7,Lafayette County,48
2012-10-19,Lexington,8,Richmond,42
2012-08-24,Plattsburg,62,Northeast (Kansas City),26
2012-09-14,Lafayette County,42,Trenton,14
2012-09-21,Trenton,7,Pembroke Hill,39
2012-09-28,Trenton,56,Lincoln College Prep,16
2012-10-12,Trenton,24,Kirksville,7
2012-09-07,Central (New Madrid County),31,Kennett,7
2012-08-24,Central (Park Hills),6,Sullivan,34
2012-08-31,Central (Park Hills),35,North County,13
2012-09-07,Fredericktown,14,Central (Park Hills),20
2012-09-21,Central (Park Hills),21,Ste. Genevieve,22
2012-09-28,Potosi,6,Central (Park Hills),33
2012-10-05,Perryville,0,Central (Park Hills),35
2012-10-12,Dexter,7,Central (Park Hills),27
2012-09-21,Dexter,26,Kennett,7
2012-08-24,Kennett,18,Fredericktown,40
2012-08-31,Fredericktown,42,Hillsboro,14
2012-10-19,Fredericktown,34,North County,35
2012-08-24,Potosi,55,Confluence Prep Academy Charter,6
2012-10-12,North County,41,Potosi,7
2012-10-19,Potosi,28,DeSoto with Kingston,42
2012-10-12,Ste. Genevieve,45,DeSoto with Kingston,7
2012-08-24,St. Francis Borgia,57,Owensville,7
2012-09-14,Owensville,7,St. James,14
2012-09-28,Pacific,49,Owensville,14
2012-10-05,Owensville,14,Union,49
2012-10-19,St. Clair,72,Owensville,0
2012-09-21,St. James,14,Moberly,52
2012-09-28,St. James,19,St. Clair,45
2012-10-12,Union,46,St. James,21
2012-10-19,Pacific,40,St. James,7
2012-08-24,Ava,6,Aurora,27
2012-08-31,Logan-Rogersville,12,Ava,14
2012-10-12,Cabool,7,Ava,47
2012-10-05,Buffalo,12,Springfield Catholic,24
2012-10-19,Buffalo,7,Logan-Rogersville,40
2012-09-07,Logan-Rogersville,10,Springfield Catholic,14
2012-09-14,Marshfield,34,Logan-Rogersville,42
2012-09-21,Logan-Rogersville,24,Reeds Spring,44
2012-09-28,Aurora,28,Logan-Rogersville,39
2012-10-05,Logan-Rogersville,14,Bolivar,56
2012-10-12,Hollister,34,Logan-Rogersville,54
2012-10-19,Salem,41,Cabool,21
2012-08-24,East Newton,12,Springfield Catholic,21
2012-09-21,Springfield Catholic,38,Hollister,6
2012-09-28,Springfield Catholic,21,Reeds Spring,18
2012-10-12,Bolivar,53,Springfield Catholic,0
2012-10-19,Springfield Catholic,35,Marshfield,34
2012-09-07,Aurora,27,Seneca,15
2012-09-21,Aurora,0,Monett,21
2012-09-14,Seneca,14,Cassville,18
2012-09-28,Monett,20,Cassville,30
2012-10-05,Cassville,42,East Newton,0
2012-10-19,Mt. Vernon,12,Cassville,21
2012-09-14,Monett,42,East Newton,14
2012-10-12,East Newton,7,Lamar,49
2012-10-19,Seneca,55,East Newton,16
2012-09-14,Hollister,0,Bolivar,38
2012-09-28,Marshfield,51,Hollister,16
2012-10-05,Reeds Spring,43,Hollister,14
2012-08-24,Mt. Vernon,26,Monett,10
2012-08-31,Monett,29,Neosho,7
2012-09-07,McDonald County,0,Monett,40
2012-10-12,Monett,34,Seneca,26
2012-10-19,Carl Junction,7,Monett,32
2012-09-28,Seneca,48,Mt. Vernon,20
2012-09-07,Reeds Spring,26,Marshfield,27
2012-10-19,Reeds Spring,16,Bolivar,37
2012-08-24,Hillsboro,28,Duchesne,15
2012-10-19,Macon,7,Centralia,20
2012-09-07,Maryville,49,Chillicothe,7
2012-09-14,Chillicothe,21,Cameron,10
2012-10-19,Benton,0,Chillicothe,21
2012-09-29,Missouri Military Academy,2,Central (Kansas City),30
2012-09-07,Center,0,Hogan Prep Academy Charter,7
2012-09-28,Warrensburg,7,Center,35
2012-10-05,Center,54,O'Hara,14
2012-10-12,Clinton,27,Warrensburg,6
2012-09-13,Hogan Prep Academy Charter,33,O'Hara,14
2012-10-05,Van Horn,12,Hogan Prep Academy Charter,35
2012-10-13,Hogan Prep Academy Charter,64,Southwest Early College,0
2012-10-12,Grain Valley,7,Oak Grove,54
2012-10-19,Odessa,42,Grain Valley,26
2012-09-28,Pembroke Hill,62,Southwest Early College,8
2012-10-19,East (Kansas City),6,Pembroke Hill,66
2012-08-31,Cameron,7,Excelsior Springs,31
2012-09-21,Cameron,0,Maryville,63
2012-10-12,Benton,21,Cameron,28
2012-09-07,East (Kansas City),32,Central (Kansas City),6
2012-09-14,Richmond,51,Central (Kansas City),0
2012-09-20,Central (Kansas City),0,Derrick Thomas Academy,8
2012-09-21,Southwest Early College,12,East (Kansas City),48
2012-08-31,Maryville,43,St. Pius X (Kansas City),7
2012-09-28,Maryville,56,Benton,7
2012-08-24,Richmond,28,O'Hara,14
2012-09-07,Excelsior Springs,55,Richmond,21
2012-10-05,St. Pius X (Kansas City),28,Warrensburg,10
2012-10-12,O'Hara,19,St. Pius X (Kansas City),20
2012-09-21,North County,42,Farmington,6
2012-09-07,Windsor (Imperial),6,Festus,49
2012-09-14,Festus,34,DeSoto with Kingston,0
2012-09-21,Hillsboro,17,Festus,14
2012-09-28,Festus,48,North County,31
2012-10-05,Pacific,0,Festus,21
2012-10-12,St. Charles West,28,Festus,14
2012-09-14,Hillsboro,20,North County,26
2012-09-28,Windsor (Imperial),22,Hillsboro,53
2012-10-05,DeSoto with Kingston,14,Hillsboro,54
2012-10-12,Hillsboro,49,Lutheran South,19
2012-09-07,North County,38,DeSoto with Kingston,0
2012-10-05,North County,52,Windsor (Imperial),41
2012-10-19,Windsor (Imperial),15,Lutheran South,41
2012-10-12,De Smet Jesuit,83,Roosevelt,0
2012-10-20,Roosevelt,43,Derrick Thomas Academy,0
2012-09-21,DeSoto with Kingston,35,Windsor (Imperial),14
2012-08-24,Washington,24,St. Clair,35
2012-08-31,DeSoto with Kingston,13,St. Clair,55
2012-09-14,Sullivan,35,St. Clair,21
2012-09-21,Union,0,St. Clair,42
2012-10-12,St. Clair,41,St. Francis Borgia,12
2012-09-28,Union,28,DeSoto with Kingston,14
2012-09-21,Bolivar,38,Marshfield,0
2012-10-12,Webb City,28,Ozark,7
2012-08-24,Gateway,27,Riverview Gardens,24
2012-09-01,Riverview Gardens,14,Normandy Collaborative,13
2012-10-12,Poplar Bluff,13,Normandy Collaborative,12
2012-09-14,Hickman,21,Helias Catholic,14
2012-10-12,Christian Brothers College,42,Helias Catholic,14
2012-08-24,Grain Valley,6,Savannah,13
2012-08-31,Benton,13,Grain Valley,12
2012-09-07,Grain Valley,16,Warrensburg,6
2012-09-14,Smith-Cotton,14,Grain Valley,25
2012-10-06,Grain Valley,19,Excelsior Springs,47
2012-08-31,Grandview,42,William Chrisman,14
2012-08-24,Excelsior Springs,42,Warrensburg,0
2012-09-21,Warrensburg,18,Smith-Cotton,21
2012-10-19,Warrensburg,6,O'Hara,10
2012-08-24,William Chrisman,14,Platte County,31
2012-10-12,St. Mary's (Independence),22,Van Horn,61
2012-10-12,Hickman,27,Jackson,14
2012-09-07,De Smet Jesuit,47,Vianney,19
2012-09-21,Vianney,6,Christian Brothers College,54
2012-09-28,Christian Brothers College,42,Chaminade College Preparatory,3
2012-10-05,Vianney,26,Chaminade College Preparatory,28
2012-09-29,Hazelwood East,44,McCluer North,21
2012-11-22,Webster Groves,29,Kirkwood,21
2012-08-31,Hickman,18,Holt,7
2012-09-07,Hickman,56,Smith-Cotton,7
2012-09-28,O'Hara,12,Smith-Cotton,17
2012-10-19,Ozark,55,Neosho,21
2012-10-05,Ozark,41,Nixa,21
2012-09-07,Republic,6,Ozark,48
2012-09-21,Staley,48,Belton,6
2012-09-29,William Chrisman,48,Belton,20
2012-09-28,Fort Osage,28,Staley,31
2012-10-05,William Chrisman,0,Fort Osage,36
2012-09-20,North Kansas City,21,William Chrisman,18
2012-08-31,Staley,48,Raytown,27
2012-09-14,Raytown,30,William Chrisman,6
2012-10-12,Truman,25,William Chrisman,27
2012-09-07,William Chrisman,28,Staley,56
2012-10-19,William Chrisman,39,Oak Park,22
2012-10-12,Park Hill,29,Central (St. Joseph),32
2012-10-05,Kearney,30,Staley,35
2012-10-12,Staley,47,Oak Park,6
2012-09-07,Lee's Summit,46,Park Hill,24
2012-09-14,Staley,33,Blue Springs South,44
2012-08-30,Eureka,6,Christian Brothers College,30
2012-09-07,Oakville,14,Lindbergh,13
2012-09-14,Lindbergh,0,Christian Brothers College,35
2012-08-24,Christian Brothers College,34,Ft. Zumwalt West,13
2012-10-05,De Smet Jesuit,12,Christian Brothers College,49
2012-10-19,Christian Brothers College,13,Francis Howell,10
2012-09-21,De Smet Jesuit,24,Jefferson City,42
2012-09-28,Jefferson City,9,Hickman,14
2012-10-19,Rockhurst,34,Hickman,7
